Id,MSSubClass,LotFrontage,LotArea,OverallQual,OverallCond,YearBuilt,YearRemodAdd,MasVnrArea,TotalBsmtSF,GrLivArea,FullBath,HalfBath,BedroomAbvGr,KitchenAbvGr,TotRmsAbvGrd,Fireplaces,GarageYrBlt,GarageCars,GarageArea,WoodDeckSF,OpenPorchSF,MoSold,YrSold,SalePrice
1,60,65,8450,7,5,2003,2003,196,856,1710,2,1,3,1,8,0,2003,2,548,0,61,2,2008,208500
2,20,80,9600,6,8,1976,1976,0,1262,1262,2,0,3,1,6,1,1976,2,460,298,0,5,2007,181500
3,60,68,11250,7,5,2001,2002,162,920,1786,2,1,3,1,6,1,2001,2,608,0,42,9,2008,223500
4,70,60,9550,7,5,1915,1970,0,756,1717,1,0,3,1,7,1,1998,3,642,0,35,2,2006,140000
5,60,84,14260,8,5,2000,2000,350,1145,2198,2,1,4,1,9,1,2000,3,836,192,84,12,2008,250000
6,50,85,14115,5,5,1993,1995,0,796,1362,1,1,1,1,5,0,1993,2,480,40,30,10,2009,143000
7,20,75,10084,8,5,2004,2005,186,1686,1694,2,0,3,1,7,1,2004,2,636,255,57,8,2007,307000
8,60,NA,10382,7,6,1973,1973,240,1107,2090,2,1,3,1,7,2,1973,2,484,235,204,11,2009,200000
9,50,51,6120,7,5,1931,1950,0,952,1774,2,0,2,2,8,2,1931,2,468,90,0,4,2008,129900
10,190,50,7420,5,6,1939,1950,0,991,1077,1,0,2,2,5,2,1939,1,205,0,4,1,2008,118000
11,20,70,11200,5,5,1965,1965,0,1040,1040,1,0,3,1,5,0,1965,1,384,0,0,2,2008,129500
12,60,85,11924,9,5,2005,2006,286,1175,2324,3,0,4,1,11,2,2005,3,736,147,21,7,2006,345000
13,20,NA,12968,5,6,1962,1962,0,912,912,1,0,2,1,4,0,1962,1,352,140,0,9,2008,144000
14,20,91,10652,7,5,2006,2007,306,1494,1494,2,0,3,1,7,1,2006,3,840,160,33,8,2007,279500
15,20,NA,10920,6,5,1960,1960,212,1253,1253,1,1,2,1,5,1,1960,1,352,0,213,5,2008,157000
16,45,51,6120,7,8,1929,2001,0,832,854,1,0,2,1,5,0,1991,2,576,48,112,7,2007,132000
17,20,NA,11241,6,7,1970,1970,180,1004,1004,1,0,2,1,5,1,1970,2,480,0,0,3,2010,149000
18,90,72,10791,4,5,1967,1967,0,0,1296,2,0,2,2,6,0,1967,2,516,0,0,10,2006,90000
19,20,66,13695,5,5,2004,2004,0,1114,1114,1,1,3,1,6,0,2004,2,576,0,102,6,2008,159000
20,20,70,7560,5,6,1958,1965,0,1029,1339,1,0,3,1,6,0,1958,1,294,0,0,5,2009,139000
21,60,101,14215,8,5,2005,2006,380,1158,2376,3,1,4,1,9,1,2005,3,853,240,154,11,2006,325300
22,45,57,7449,7,7,1930,1950,0,637,1108,1,0,3,1,6,1,1930,1,280,0,0,6,2007,139400
23,20,75,9742,8,5,2002,2002,281,1777,1795,2,0,3,1,7,1,2002,2,534,171,159,9,2008,230000
24,120,44,4224,5,7,1976,1976,0,1040,1060,1,0,3,1,6,1,1976,2,572,100,110,6,2007,129900
25,20,NA,8246,5,8,1968,2001,0,1060,1060,1,0,3,1,6,1,1968,1,270,406,90,5,2010,154000
26,20,110,14230,8,5,2007,2007,640,1566,1600,2,0,3,1,7,1,2007,3,890,0,56,7,2009,256300
27,20,60,7200,5,7,1951,2000,0,900,900,1,0,3,1,5,0,2005,2,576,222,32,5,2010,134800
28,20,98,11478,8,5,2007,2008,200,1704,1704,2,0,3,1,7,1,2008,3,772,0,50,5,2010,306000
29,20,47,16321,5,6,1957,1997,0,1484,1600,1,0,2,1,6,2,1957,1,319,288,258,12,2006,207500
30,30,60,6324,4,6,1927,1950,0,520,520,1,0,1,1,4,0,1920,1,240,49,0,5,2008,68500
31,70,50,8500,4,4,1920,1950,0,649,1317,1,0,3,1,6,0,1920,1,250,0,54,7,2008,40000
32,20,NA,8544,5,6,1966,2006,0,1228,1228,1,1,3,1,6,0,1966,1,271,0,65,6,2008,149350
33,20,85,11049,8,5,2007,2007,0,1234,1234,2,0,3,1,7,0,2007,2,484,0,30,1,2008,179900
34,20,70,10552,5,5,1959,1959,0,1398,1700,1,1,4,1,6,1,1959,2,447,0,38,4,2010,165500
35,120,60,7313,9,5,2005,2005,246,1561,1561,2,0,2,1,6,1,2005,2,556,203,47,8,2007,277500
36,60,108,13418,8,5,2004,2005,132,1117,2452,3,1,4,1,9,1,2004,3,691,113,32,9,2006,309000
37,20,112,10859,5,5,1994,1995,0,1097,1097,1,1,3,1,6,0,1995,2,672,392,64,6,2009,145000
38,20,74,8532,5,6,1954,1990,650,1297,1297,1,0,3,1,5,1,1954,2,498,0,0,10,2009,153000
39,20,68,7922,5,7,1953,2007,0,1057,1057,1,0,3,1,5,0,1953,1,246,0,52,1,2010,109000
40,90,65,6040,4,5,1955,1955,0,0,1152,2,0,2,2,6,0,NA,0,0,0,0,6,2008,82000
41,20,84,8658,6,5,1965,1965,101,1088,1324,2,0,3,1,6,1,1965,2,440,0,138,12,2006,160000
42,20,115,16905,5,6,1959,1959,0,1350,1328,1,1,2,1,5,2,1959,1,308,0,104,7,2007,170000
43,85,NA,9180,5,7,1983,1983,0,840,884,1,0,2,1,5,0,1983,2,504,240,0,12,2007,144000
44,20,NA,9200,5,6,1975,1980,0,938,938,1,0,3,1,5,0,1977,1,308,145,0,7,2008,130250
45,20,70,7945,5,6,1959,1959,0,1150,1150,1,0,3,1,6,0,1959,1,300,0,0,5,2006,141000
46,120,61,7658,9,5,2005,2005,412,1752,1752,2,0,2,1,6,1,2005,2,576,196,82,2,2010,319900
47,50,48,12822,7,5,2003,2003,0,1434,2149,1,1,1,1,6,1,2003,2,670,168,43,8,2009,239686
48,20,84,11096,8,5,2006,2006,0,1656,1656,2,0,3,1,7,0,2006,3,826,0,146,7,2007,249700
49,190,33,4456,4,5,1920,2008,0,736,1452,2,0,2,3,8,0,NA,0,0,0,0,6,2009,113000
50,20,66,7742,5,7,1966,1966,0,955,955,1,0,3,1,6,0,1966,1,386,0,0,1,2007,127000
51,60,NA,13869,6,6,1997,1997,0,794,1470,2,0,3,1,6,0,1997,2,388,0,75,7,2007,177000
52,50,52,6240,6,6,1934,1950,0,816,1176,1,0,3,1,6,1,1985,2,528,112,0,9,2006,114500
53,90,110,8472,5,5,1963,1963,0,816,816,1,0,2,1,5,0,1963,2,516,106,0,5,2010,110000
54,20,68,50271,9,5,1981,1987,0,1842,1842,0,1,0,1,5,1,1981,3,894,857,72,11,2006,385000
55,80,60,7134,5,5,1955,1955,0,384,1360,1,0,3,1,6,1,1962,2,572,0,50,2,2007,130000
56,20,100,10175,6,5,1964,1964,272,1425,1425,2,0,3,1,7,1,1964,2,576,0,0,7,2008,180500
57,160,24,2645,8,5,1999,2000,456,970,1739,2,1,3,1,7,0,1999,2,480,115,0,8,2009,172500
58,60,89,11645,7,5,2004,2004,0,860,1720,2,1,3,1,7,0,2004,2,565,0,70,8,2006,196500
59,60,66,13682,10,5,2006,2006,1031,1410,2945,3,1,3,1,10,1,2006,3,641,192,0,10,2006,438780
60,20,60,7200,5,7,1972,1972,0,780,780,1,0,2,1,4,0,1973,1,352,196,0,1,2008,124900
61,20,63,13072,6,5,2004,2004,0,1158,1158,1,1,3,1,5,0,2006,2,576,0,50,5,2006,158000
62,75,60,7200,5,7,1920,1996,0,530,1111,1,0,3,1,6,0,1935,1,288,0,0,3,2007,101000
63,120,44,6442,8,5,2006,2006,178,1370,1370,2,0,2,1,6,1,2006,2,484,120,49,10,2007,202500
64,70,50,10300,7,6,1921,1950,0,576,1710,2,0,3,1,9,0,1990,2,480,12,11,4,2010,140000
65,60,NA,9375,7,5,1997,1998,573,1057,2034,2,1,3,1,8,0,1998,2,645,576,36,2,2009,219500
66,60,76,9591,8,5,2004,2005,344,1143,2473,2,1,4,1,9,1,2004,3,852,192,151,10,2007,317000
67,20,NA,19900,7,5,1970,1989,287,1947,2207,2,0,3,1,7,1,1970,2,576,301,0,7,2010,180000
68,20,72,10665,7,5,2003,2003,167,1453,1479,2,0,3,1,7,0,2003,2,558,144,29,6,2007,226000
69,30,47,4608,4,6,1945,1950,0,747,747,1,0,2,1,4,0,1945,1,220,0,0,6,2010,80000
70,50,81,15593,7,4,1953,1953,0,1304,2287,2,0,3,1,7,1,1953,2,667,0,21,7,2006,225000
71,20,95,13651,7,6,1973,1973,1115,2223,2223,2,0,3,1,8,2,1973,2,516,300,0,2,2007,244000
72,20,69,7599,4,6,1982,2006,0,845,845,1,0,2,1,4,0,1987,2,360,0,0,6,2007,129500
73,60,74,10141,7,5,1998,1998,40,832,1718,2,1,3,1,7,1,1998,2,427,0,94,12,2009,185000
74,20,85,10200,5,7,1954,2003,104,1086,1086,1,0,3,1,6,0,1989,2,490,0,0,5,2010,144900
75,50,60,5790,3,6,1915,1950,0,840,1605,2,0,3,2,8,0,1915,1,379,0,0,5,2010,107400
76,180,21,1596,4,5,1973,1973,0,462,988,1,0,2,1,5,0,1973,1,297,120,101,11,2009,91000
77,20,NA,8475,4,7,1956,1956,0,952,952,1,0,2,1,4,0,1956,1,283,0,0,4,2008,135750
78,50,50,8635,5,5,1948,2001,0,672,1285,1,0,2,1,6,0,1948,1,240,0,0,1,2008,127000
79,90,72,10778,4,5,1968,1968,0,1768,1768,2,0,4,2,8,0,NA,0,0,0,0,4,2010,136500
80,50,60,10440,5,6,1910,1981,0,440,1230,1,1,2,1,5,0,1966,2,440,74,0,5,2009,110000
81,60,100,13000,6,6,1968,1968,576,896,2142,2,1,4,1,8,1,1968,1,509,0,72,6,2009,193500
82,120,32,4500,6,5,1998,1998,443,1237,1337,2,0,2,1,5,0,1998,2,405,0,199,3,2006,153500
83,20,78,10206,8,5,2007,2007,468,1563,1563,2,0,3,1,6,1,2007,3,758,144,99,10,2008,245000
84,20,80,8892,5,5,1960,1960,66,1065,1065,1,1,3,1,6,0,1974,2,461,74,0,7,2007,126500
85,80,NA,8530,7,5,1995,1996,22,384,1474,2,1,3,1,7,1,1995,2,400,120,72,5,2009,168500
86,60,121,16059,8,5,1991,1992,284,1288,2417,2,1,4,1,9,1,1991,2,462,127,82,4,2006,260000
87,60,122,11911,6,5,2005,2005,0,684,1560,2,1,3,1,6,1,2005,2,400,100,38,3,2009,174000
88,160,40,3951,6,5,2009,2009,76,612,1224,2,1,2,1,4,0,2009,2,528,0,234,6,2009,164500
89,50,105,8470,3,2,1915,1982,0,1013,1526,1,0,2,1,6,0,NA,0,0,0,0,10,2009,85000
90,20,60,8070,4,5,1994,1995,0,990,990,1,0,3,1,5,0,NA,0,0,0,0,8,2007,123600
91,20,60,7200,4,5,1950,1950,0,0,1040,1,0,2,1,4,0,1950,2,420,0,29,7,2006,109900
92,20,85,8500,5,3,1961,1961,203,1235,1235,1,0,2,1,6,0,1961,2,480,0,0,12,2006,98600
93,30,80,13360,5,7,1921,2006,0,876,964,1,0,2,1,5,0,1921,2,432,0,0,8,2009,163500
94,190,60,7200,6,6,1910,1998,0,1214,2291,2,0,4,2,9,1,1900,2,506,0,0,11,2007,133900
95,60,69,9337,6,5,1997,1997,0,824,1786,2,1,3,1,7,0,1997,2,684,0,162,5,2007,204750
96,60,NA,9765,6,8,1993,1993,68,680,1470,2,1,3,1,6,1,1993,2,420,232,63,4,2009,185000
97,20,78,10264,7,5,1999,1999,183,1588,1588,2,0,3,1,6,0,1999,2,472,158,29,8,2006,214000
98,20,73,10921,4,5,1965,1965,48,960,960,1,0,3,1,6,0,1965,1,432,120,0,5,2007,94750
99,30,85,10625,5,5,1920,1950,0,458,835,1,0,2,1,5,0,1920,1,366,0,0,5,2010,83000
100,20,77,9320,4,5,1959,1959,0,950,1225,1,1,3,1,6,0,NA,0,0,352,0,1,2010,128950
101,20,NA,10603,6,7,1977,2001,28,1610,1610,2,0,3,1,6,2,1977,2,480,168,68,2,2010,205000
102,60,77,9206,6,5,1985,1985,336,741,1732,2,1,3,1,7,1,1985,2,476,192,46,6,2010,178000
103,90,64,7018,5,5,1979,1979,0,0,1535,2,0,4,2,8,0,1979,2,410,0,0,6,2009,118964
104,20,94,10402,7,5,2009,2009,0,1226,1226,2,0,3,1,6,0,2009,3,740,0,36,5,2010,198900
105,50,NA,7758,7,4,1931,1950,600,1040,1818,1,1,4,1,7,2,1951,1,240,0,0,6,2007,169500
106,60,75,9375,8,5,2003,2004,768,1053,1992,2,1,3,1,9,1,2003,2,648,140,45,8,2008,250000
107,30,60,10800,4,7,1885,1995,0,641,1047,1,0,2,1,6,0,1954,1,273,0,0,8,2007,100000
108,20,50,6000,5,5,1948,1950,0,789,789,1,0,2,1,5,0,1948,1,250,0,0,4,2008,115000
109,50,85,8500,5,7,1919,2005,0,793,1517,2,0,3,1,7,0,NA,0,0,0,0,8,2007,115000
110,20,105,11751,6,6,1977,1977,480,1844,1844,2,0,3,1,7,1,1977,2,546,0,122,1,2010,190000
111,50,75,9525,6,4,1954,1972,0,994,1855,2,0,4,1,7,0,1954,1,325,182,0,10,2006,136900
112,80,NA,7750,7,5,2000,2000,0,384,1430,2,1,3,1,7,1,2000,2,400,180,0,4,2010,180000
113,60,77,9965,7,5,2007,2007,220,1264,2696,2,1,4,1,10,1,2007,3,792,120,184,10,2007,383970
114,20,NA,21000,6,5,1953,1953,184,1809,2259,2,0,3,1,7,2,1953,2,450,166,120,10,2007,217000
115,70,61,7259,6,8,1945,2002,0,1028,2320,2,1,3,1,9,1,1945,1,180,224,0,7,2007,259500
116,160,34,3230,6,5,1999,1999,1129,729,1458,2,1,2,1,5,1,1999,2,440,0,32,6,2007,176000
117,20,NA,11616,5,5,1962,1962,116,1092,1092,1,0,3,1,6,1,1962,1,288,0,20,9,2009,139000
118,20,74,8536,5,5,2006,2007,0,1125,1125,1,1,2,1,5,0,2007,2,430,80,64,4,2007,155000
119,60,90,12376,7,5,1990,1990,0,1673,3222,3,0,5,1,11,2,1990,3,594,367,0,5,2010,320000
120,60,65,8461,6,5,2005,2006,0,728,1456,2,1,3,1,8,1,2005,2,390,0,24,7,2006,163990
121,80,NA,21453,6,5,1969,1969,0,938,988,1,0,1,1,4,2,1969,2,540,0,130,10,2006,180000
122,50,50,6060,4,5,1939,1950,0,732,1123,1,0,3,1,4,0,1979,1,264,0,0,6,2007,100000
123,20,75,9464,6,7,1958,1958,135,1080,1080,1,0,3,1,5,0,1958,1,288,0,0,6,2008,136000
124,120,55,7892,6,5,1993,1993,0,1199,1199,2,0,2,1,5,0,1993,2,530,0,63,3,2008,153900
125,20,48,17043,6,5,1979,1998,0,1362,1586,2,0,3,1,7,1,1979,2,435,192,0,1,2009,181000
126,190,60,6780,6,8,1935,1982,0,520,754,1,0,2,1,5,0,NA,0,0,53,0,6,2006,84500
127,120,NA,4928,6,5,1976,1976,0,1078,958,2,0,2,1,5,1,1977,2,440,0,205,2,2007,128000
128,45,55,4388,5,7,1930,1950,0,672,840,1,0,3,1,5,1,NA,0,0,0,0,6,2007,87000
129,60,69,7590,6,5,1966,1966,266,660,1348,1,1,3,1,6,1,1966,2,453,188,108,7,2006,155000
130,20,69,8973,5,7,1958,1991,85,1008,1053,1,1,3,1,6,0,1998,2,750,0,80,7,2006,150000
131,60,88,14200,7,6,1966,1966,309,924,2157,2,1,4,1,8,2,1966,2,487,105,66,5,2006,226000
132,60,NA,12224,6,5,2000,2000,40,992,2054,2,1,3,1,7,1,2000,2,390,24,48,7,2009,244000
133,20,75,7388,5,6,1959,2002,0,1063,1327,1,0,3,1,7,0,1974,2,624,0,0,7,2007,150750
134,20,NA,6853,8,5,2001,2002,136,1267,1296,2,0,2,1,6,0,2001,2,471,192,25,6,2009,220000
135,20,78,10335,5,6,1968,1993,0,1461,1721,2,1,3,1,7,1,1968,2,440,0,96,7,2006,180000
136,20,80,10400,7,6,1970,1970,288,1304,1682,2,0,3,1,7,1,1970,2,530,98,0,5,2008,174000
137,20,NA,10355,5,5,1967,1967,196,1214,1214,2,0,3,1,5,1,1967,1,318,0,111,7,2007,143000
138,90,82,11070,7,5,1988,1989,70,1907,1959,3,0,5,2,9,0,1989,3,766,0,0,7,2006,171000
139,60,73,9066,8,5,1999,2000,320,1004,1852,2,1,3,1,7,2,1999,3,660,224,106,12,2008,230000
140,60,65,15426,6,5,1997,1997,0,928,1764,2,1,3,1,7,0,1997,2,470,276,99,8,2009,231500
141,20,70,10500,4,5,1971,1971,0,864,864,1,0,3,1,5,1,NA,0,0,0,0,4,2010,115000
142,20,78,11645,7,5,2005,2005,0,1734,1734,2,0,3,1,7,0,2005,2,660,160,24,1,2006,260000
143,50,71,8520,5,4,1952,1952,0,910,1385,2,0,4,1,6,0,2000,2,720,0,0,6,2010,166000
144,20,78,10335,7,5,1999,1999,183,1490,1501,2,0,3,1,6,0,1999,2,577,144,29,6,2009,204000
145,90,70,9100,5,5,1963,1963,336,1728,1728,2,0,6,2,10,0,1963,2,504,0,0,11,2006,125000
146,160,24,2522,6,5,2004,2006,50,970,1709,2,0,3,1,7,0,2004,2,380,0,40,4,2006,130000
147,30,51,6120,5,7,1931,1993,0,715,875,1,0,2,1,5,0,1931,1,180,48,0,11,2009,105000
148,60,NA,9505,7,5,2001,2001,180,884,2035,2,1,3,1,8,1,2001,2,434,144,48,5,2010,222500
149,20,63,7500,7,5,2004,2005,120,1080,1080,1,0,3,1,6,0,NA,0,0,0,0,4,2008,141000
150,50,NA,6240,5,4,1936,1950,0,896,1344,1,0,3,1,7,0,1936,1,240,200,114,4,2006,115000
151,20,120,10356,5,6,1975,1975,0,969,969,1,1,3,1,5,0,1975,2,440,0,0,1,2007,122000
152,20,107,13891,8,5,2007,2008,436,1710,1710,2,0,2,1,6,1,2007,3,866,0,102,1,2008,372402
153,60,NA,14803,6,5,1971,1971,252,825,1993,2,1,4,1,8,1,1971,2,495,0,66,6,2006,190000
154,20,NA,13500,6,7,1960,1975,0,1602,1252,1,0,1,1,4,1,1960,2,564,409,0,3,2008,235000
155,30,84,11340,6,5,1923,1950,0,1200,1200,1,0,4,1,7,0,1923,1,312,0,0,3,2006,125000
156,50,60,9600,6,5,1924,1950,0,572,1096,1,0,2,1,5,0,NA,0,0,0,8,4,2008,79000
157,20,60,7200,5,7,1950,1950,0,0,1040,1,0,2,1,5,0,1950,2,625,0,0,6,2006,109500
158,60,92,12003,8,5,2009,2010,84,774,1968,2,1,4,1,8,1,2009,3,680,0,75,5,2010,269500
159,60,100,12552,7,5,2004,2005,0,991,1947,2,1,3,1,8,1,2004,2,678,0,136,5,2010,254900
160,60,134,19378,7,5,2005,2006,456,1392,2462,2,1,4,1,9,1,2006,2,576,239,132,3,2006,320000
161,20,NA,11120,6,6,1984,1984,0,1232,1232,2,0,3,1,6,0,1984,2,516,0,0,6,2008,162500
162,60,110,13688,9,5,2003,2004,664,1572,2668,2,1,3,1,10,2,2003,3,726,400,0,3,2008,412500
163,20,95,12182,7,5,2005,2005,226,1541,1541,2,0,3,1,7,1,2005,2,532,0,70,5,2010,220000
164,45,55,5500,4,6,1956,1956,0,882,882,1,0,1,1,4,0,NA,0,0,0,0,4,2007,103200
165,40,40,5400,6,7,1926,2004,0,1149,1616,2,0,3,1,5,0,1926,1,216,0,0,10,2007,152000
166,190,62,10106,5,7,1940,1999,0,644,1355,2,0,4,2,6,0,NA,0,0,140,0,9,2008,127500
167,20,NA,10708,5,5,1955,1993,0,1617,1867,1,0,2,1,7,3,1955,1,303,476,0,11,2009,190000
168,60,86,10562,8,5,2007,2007,300,1582,2161,1,1,3,1,8,1,2007,3,789,178,120,11,2007,325624
169,60,62,8244,7,5,2004,2004,0,840,1720,2,1,3,1,7,1,2004,2,440,100,48,5,2007,183500
170,20,NA,16669,8,6,1981,1981,653,1686,1707,2,1,2,1,6,1,1981,2,511,574,64,1,2006,228000
171,50,NA,12358,5,6,1941,1950,0,720,1382,1,1,2,1,7,0,1991,2,660,237,0,5,2007,128500
172,20,141,31770,6,5,1960,1960,112,1080,1656,1,0,3,1,7,2,1960,2,528,210,62,5,2010,215000
173,160,44,5306,7,7,1987,1987,0,1064,1767,2,0,2,1,5,1,1987,2,504,441,35,6,2006,239000
174,20,80,10197,6,5,1961,1961,491,1362,1362,1,1,3,1,6,1,1961,2,504,0,20,6,2008,163000
175,20,47,12416,6,5,1986,1986,132,1606,1651,2,0,3,1,7,1,1986,2,616,192,0,11,2008,184000
176,20,84,12615,6,7,1950,2001,0,1202,2158,2,0,4,1,7,1,1950,2,576,0,29,6,2007,243000
177,60,97,10029,6,5,1988,1989,268,1151,2060,2,1,4,1,8,1,1988,2,521,0,228,9,2007,211000
178,50,NA,13650,5,5,1958,1958,0,1052,1920,2,0,4,1,8,1,1958,2,451,0,0,7,2006,172500
179,20,63,17423,9,5,2008,2009,748,2216,2234,2,0,1,1,9,1,2009,3,1166,0,60,7,2009,501837
180,30,60,8520,5,6,1923,2006,0,968,968,1,0,2,1,5,0,1935,2,480,0,0,7,2007,100000
181,160,NA,2117,6,5,2000,2000,456,756,1525,2,1,3,1,5,1,2000,2,440,0,0,6,2007,177000
182,70,54,7588,7,6,1920,1950,0,793,1802,1,1,4,1,9,1,1920,1,216,0,0,7,2006,200100
183,20,60,9060,5,6,1957,2006,98,0,1340,1,0,3,1,7,1,1957,1,252,116,0,6,2007,120000
184,50,63,11426,7,5,2003,2003,0,1362,2082,2,1,3,1,6,0,2003,2,484,280,238,6,2008,200000
185,50,92,7438,5,8,1908,1991,0,504,1252,1,0,3,1,5,0,1986,2,576,104,0,6,2006,127000
186,75,90,22950,10,9,1892,1993,0,1107,3608,2,1,4,1,12,2,1993,3,840,0,260,6,2006,475000
187,80,NA,9947,7,5,1990,1991,0,1188,1217,2,0,3,1,6,0,1990,2,497,168,27,6,2009,173000
188,50,60,10410,5,7,1916,1987,0,660,1656,2,1,3,1,8,0,1916,1,180,0,0,8,2009,135000
189,90,64,7018,5,5,1979,1979,275,1086,1224,0,2,2,2,6,2,1979,2,528,120,0,6,2009,153337
190,120,41,4923,8,5,2001,2002,0,1593,1593,1,1,0,1,5,1,2001,2,682,0,120,8,2008,286000
191,70,70,10570,8,8,1932,1994,0,853,2727,2,1,3,1,10,2,1932,2,440,0,74,12,2007,315000
192,60,NA,7472,7,9,1972,2004,138,725,1479,1,1,4,1,7,0,1972,2,484,0,32,6,2007,184000
193,20,68,9017,7,5,1999,1999,0,1431,1431,2,0,3,1,6,0,1999,2,666,0,35,9,2009,192000
194,160,24,2522,7,5,2004,2004,50,970,1709,2,0,3,1,7,0,2004,2,380,0,40,5,2006,130000
195,20,60,7180,5,7,1972,1972,0,864,864,1,0,3,1,5,0,1989,1,352,0,0,5,2008,127000
196,160,24,2280,6,6,1976,1976,0,855,1456,2,1,3,1,7,1,1976,2,440,87,0,7,2009,148500
197,20,79,9416,7,5,2007,2007,205,1726,1726,2,0,3,1,8,1,2007,3,786,171,138,9,2007,311872
198,75,174,25419,8,4,1918,1990,0,1360,3112,2,0,4,1,8,1,1918,2,795,0,16,3,2006,235000
199,75,92,5520,6,6,1912,1950,0,755,2229,1,0,5,1,8,0,NA,0,0,0,198,7,2009,104000
200,20,76,9591,8,5,2004,2005,262,1713,1713,2,0,3,1,7,1,2004,3,856,0,26,1,2009,274900
201,20,80,8546,4,5,2003,2004,0,1121,1121,2,0,2,1,5,0,2003,2,440,132,64,3,2010,140000
202,20,75,10125,6,6,1977,1977,0,1196,1279,2,0,3,1,6,2,1980,2,473,238,83,2,2008,171500
203,50,50,7000,6,6,1924,1950,0,617,1310,2,0,2,1,6,0,1924,1,398,0,0,5,2006,112000
204,120,NA,4438,6,5,2004,2004,205,848,848,1,0,1,1,3,1,2004,2,420,149,0,1,2008,149000
205,50,50,3500,5,7,1947,1950,0,720,1284,1,1,2,1,5,0,1948,1,240,0,35,4,2009,110000
206,20,99,11851,7,5,1990,1990,0,1424,1442,2,0,3,1,5,0,1990,2,500,0,34,5,2009,180500
207,20,40,13673,5,5,1962,1962,0,1140,1696,1,1,3,1,8,1,1962,1,349,0,30,3,2007,143900
208,20,NA,12493,4,5,1960,1960,0,1100,1100,1,0,3,1,6,1,1960,1,312,355,0,4,2008,141000
209,60,NA,14364,7,5,1988,1989,128,1157,2062,2,1,3,1,7,1,1988,2,454,60,55,4,2007,277000
210,20,75,8250,6,7,1964,1964,260,1092,1092,1,0,3,1,6,0,1964,2,504,0,0,7,2008,145000
211,30,67,5604,5,6,1925,1950,0,864,864,1,0,2,1,5,0,NA,0,0,0,0,4,2008,98000
212,20,83,10420,6,5,2009,2009,0,1212,1212,2,0,3,1,6,0,2009,2,460,100,22,3,2010,186000
213,60,72,8640,7,5,2009,2009,0,900,1852,2,1,3,1,7,1,2009,2,644,168,108,7,2009,252678
214,20,43,13568,5,5,1995,1995,0,990,990,1,0,3,1,5,0,1996,2,576,224,0,7,2006,156000
215,60,NA,10900,6,7,1977,1977,153,689,1392,1,1,3,1,6,0,1977,1,299,0,36,3,2010,161750
216,20,72,10011,5,6,1957,1996,64,1070,1236,1,0,2,1,6,1,1957,1,447,0,0,5,2006,134450
217,20,65,8450,7,5,2004,2004,266,1436,1436,2,0,3,1,8,0,2004,2,484,139,98,4,2008,210000
218,70,57,9906,4,4,1925,1950,0,686,1328,1,0,3,1,8,0,1940,1,210,0,172,9,2006,107000
219,50,NA,15660,7,9,1939,2006,312,798,1954,1,1,3,1,8,2,1939,2,431,0,119,5,2008,311500
220,120,43,3010,7,5,2005,2006,16,1248,1248,2,0,2,1,5,0,2005,2,438,108,0,3,2006,167240
221,20,73,8990,7,5,2006,2006,0,1498,1498,2,0,2,1,5,0,2006,2,675,351,33,4,2006,204900
222,60,NA,8068,6,5,2002,2002,0,1010,2267,2,1,4,1,8,1,2002,2,390,120,46,12,2009,200000
223,60,85,11475,6,6,1975,1975,0,713,1552,2,1,3,1,6,1,1975,2,434,209,208,2,2006,179900
224,20,70,10500,4,6,1971,1971,0,864,864,1,0,2,1,4,0,1989,2,576,216,0,3,2009,97000
225,20,103,13472,10,5,2003,2003,922,2392,2392,2,0,3,1,8,1,2003,3,968,248,105,6,2009,386250
226,160,21,1680,5,5,1971,1971,142,630,1302,2,1,3,1,6,0,1991,1,280,0,0,5,2009,112000
227,60,82,9950,7,5,1995,1995,290,1203,2520,2,1,4,1,9,1,1995,3,721,224,114,6,2007,290000
228,160,21,1869,6,6,1970,1970,127,483,987,1,1,2,1,5,0,1987,1,280,0,0,9,2008,106000
229,20,70,8521,5,5,1967,1967,0,912,912,1,0,3,1,5,1,1974,1,336,0,0,5,2010,125000
230,120,43,3182,7,5,2005,2006,16,1373,1555,2,0,2,1,7,1,2005,2,430,143,20,5,2009,192500
231,20,73,8760,6,6,1959,1959,220,1194,1194,1,0,3,1,6,0,1959,1,312,0,0,4,2010,148000
232,60,174,15138,8,5,1995,1996,506,1462,2794,2,1,4,1,9,1,1995,3,810,0,146,7,2009,403000
233,160,21,1680,6,5,1972,1972,297,483,987,1,1,2,1,5,1,1972,1,288,0,0,6,2006,94500
234,20,75,10650,5,6,1976,1976,0,894,894,1,0,3,1,5,0,1976,1,308,365,0,2,2010,128200
235,60,NA,7851,6,5,2002,2002,NA,860,1960,2,1,4,1,8,2,2002,2,440,288,48,5,2010,216500
236,160,21,1680,6,3,1971,1971,604,483,987,1,1,2,1,5,0,1971,1,264,0,0,8,2008,89500
237,20,65,8773,7,5,2004,2004,98,1414,1414,2,0,3,1,6,0,2004,2,494,132,105,5,2010,185500
238,60,NA,9453,7,7,1993,2003,0,996,1744,2,1,3,1,7,0,1993,2,457,370,70,2,2010,194500
239,20,93,12030,8,5,2007,2007,254,1694,1694,2,0,3,1,7,0,2007,3,818,168,228,12,2007,318000
240,50,52,8741,6,4,1945,1950,0,735,1487,1,1,3,1,7,1,1949,1,220,0,140,4,2010,113000
241,20,75,9000,8,5,2008,2008,36,1566,1566,2,0,3,1,7,0,2008,2,750,144,168,4,2010,262500
242,30,40,3880,5,9,1945,1997,0,686,866,1,0,2,1,4,0,NA,0,0,58,42,8,2007,110500
243,50,63,5000,5,4,1900,1950,0,540,1440,1,0,3,1,6,0,1940,1,352,0,0,4,2006,79000
244,160,75,10762,6,6,1980,1980,0,626,1217,1,1,3,1,6,1,1980,1,288,0,28,4,2009,120000
245,60,NA,8880,7,5,1994,2002,0,948,2110,2,1,3,1,8,2,1994,2,463,0,130,5,2010,205000
246,20,80,10400,7,5,1988,1988,102,1845,1872,2,0,3,1,6,1,1988,2,604,197,39,6,2006,241500
247,190,69,9142,6,8,1910,1950,0,1020,1928,2,0,4,2,9,0,1910,1,440,0,60,4,2006,137000
248,20,75,11310,6,5,1954,1954,0,1367,1375,1,0,2,1,5,1,1954,2,451,0,30,6,2006,140000
249,60,72,11317,7,5,2003,2003,101,840,1668,2,1,3,1,8,0,2003,2,500,144,68,9,2007,180000
250,50,NA,159000,6,7,1958,2006,472,1444,2144,2,0,4,1,7,2,1958,2,389,0,98,6,2007,277000
251,30,55,5350,3,2,1940,1966,0,728,1306,1,0,3,1,6,0,NA,0,0,263,0,5,2010,76500
252,120,44,4750,8,5,2006,2007,481,1573,1625,2,0,2,1,5,1,2006,2,538,123,0,12,2007,235000
253,60,65,8366,6,5,2004,2004,0,798,1640,2,1,3,1,6,0,2004,2,520,138,45,12,2008,173000
254,80,85,9350,6,7,1964,1991,108,1302,1302,2,0,3,1,7,0,1964,1,309,333,0,10,2007,158000
255,20,70,8400,5,6,1957,1957,0,1314,1314,1,0,3,1,5,0,1957,1,294,250,0,6,2010,145000
256,60,66,8738,7,5,1999,1999,302,975,2291,2,1,4,1,8,1,1999,2,429,192,0,2,2006,230000
257,60,64,8791,6,5,2003,2003,0,864,1728,2,1,3,1,7,0,2003,2,673,216,56,5,2008,207500
258,20,68,8814,7,5,2006,2006,180,1604,1604,2,1,3,1,8,1,2006,2,660,123,110,3,2009,220000
259,60,80,12435,7,5,2001,2001,172,963,1792,2,1,3,1,7,1,2001,2,564,0,96,5,2008,231500
260,20,70,12702,5,5,1956,1956,0,0,882,1,0,2,1,4,0,1956,1,308,0,45,12,2008,97000
261,80,120,19296,6,5,1962,1962,399,1362,1382,1,0,3,1,6,1,1991,2,884,0,0,5,2009,176000
262,60,69,9588,8,5,2007,2007,270,1482,2574,2,1,3,1,10,1,2007,3,868,0,148,11,2007,276000
263,80,88,8471,6,7,1977,1995,46,506,1212,1,0,3,1,6,1,1978,2,492,292,12,7,2006,151000
264,50,50,5500,5,7,1929,2001,0,926,1316,1,0,3,1,6,0,1974,2,484,0,0,4,2010,130000
265,30,30,5232,5,5,1925,2004,0,680,764,1,0,2,1,4,0,1965,2,504,0,0,6,2008,73000
266,20,78,12090,6,6,1981,1981,210,1422,1422,2,0,3,1,7,1,1981,2,576,276,0,6,2008,175500
267,60,70,11207,6,5,1997,1997,0,802,1511,2,1,3,1,8,1,1997,2,413,95,75,6,2006,185000
268,75,60,8400,5,8,1939,1997,0,720,2192,2,1,4,1,8,1,1939,1,240,262,24,7,2008,179500
269,30,71,6900,5,6,1940,1955,0,740,778,1,0,2,1,4,1,1966,1,924,0,25,2,2008,120500
270,20,NA,7917,6,7,1976,1976,174,1143,1113,1,1,3,1,6,1,1987,1,504,370,30,5,2007,148000
271,60,84,10728,8,5,2006,2006,0,1095,1939,2,1,3,1,8,1,2006,3,1053,192,51,8,2006,266000
272,20,73,39104,7,7,1954,2005,0,1385,1363,1,0,2,1,5,2,1954,2,439,81,0,4,2008,241500
273,60,92,11764,8,7,1999,2007,348,1152,2270,2,1,4,1,9,1,1999,3,671,132,57,4,2010,290000
274,20,80,9600,6,6,1958,1988,183,1240,1632,2,0,3,1,6,1,1958,1,338,289,0,4,2009,139000
275,20,76,8314,5,7,1982,1982,0,816,816,1,0,2,1,5,0,1982,1,264,168,0,6,2007,124500
276,50,55,7264,7,7,1925,2007,0,952,1548,2,1,3,1,5,0,1978,2,672,74,0,10,2009,205000
277,20,129,9196,7,5,2003,2003,0,1560,1560,2,0,3,1,7,0,2003,2,573,100,150,4,2010,201000
278,20,140,19138,4,5,1951,1951,0,864,864,1,0,2,1,4,0,1951,2,400,0,0,6,2010,141000
279,20,107,14450,9,5,2006,2007,315,2121,2121,2,1,3,1,8,1,2007,3,732,124,98,5,2007,415298
280,60,83,10005,7,5,1977,1977,299,1160,2022,2,1,4,1,8,1,1977,2,505,288,117,3,2008,192000
281,60,82,11287,7,6,1989,1989,340,807,1982,2,1,3,1,7,1,1989,2,575,0,84,1,2007,228500
282,20,60,7200,6,5,2006,2006,68,1262,1262,2,0,2,1,5,0,2006,2,572,0,120,5,2006,185000
283,120,34,5063,7,5,2007,2008,166,1314,1314,2,0,2,1,6,1,2008,2,626,172,62,4,2009,207500
284,20,74,9612,8,5,2008,2009,72,1468,1468,2,0,3,1,6,1,2008,3,898,210,150,12,2009,244600
285,120,50,8012,6,5,1992,1992,0,1575,1575,2,0,2,1,5,0,1992,2,529,0,0,7,2007,179200
286,160,35,4251,7,5,2006,2007,0,625,1250,2,1,2,1,5,0,2006,2,528,0,54,6,2007,164700
287,50,77,9786,6,7,1962,1981,0,912,1734,1,1,3,1,7,1,1962,2,440,0,0,6,2006,159000
288,20,NA,8125,4,4,1971,1971,0,858,858,1,0,3,1,5,0,NA,0,0,0,0,6,2006,88000
289,20,NA,9819,5,5,1967,1967,31,882,900,1,0,3,1,5,0,1970,1,280,0,0,2,2010,122000
290,70,60,8730,6,7,1915,2003,0,698,1396,1,0,3,1,7,0,2003,1,384,0,0,7,2007,153575
291,60,120,15611,8,5,2006,2006,0,1079,1919,2,1,3,1,8,1,2006,2,685,0,51,7,2006,233230
292,190,55,5687,5,6,1912,2000,0,780,1716,2,0,6,1,9,0,NA,0,0,0,184,3,2008,135900
293,50,60,11409,5,4,1949,2008,0,768,1716,1,1,3,1,8,1,1949,1,281,0,0,1,2009,131000
294,60,NA,16659,7,7,1977,1994,34,795,2263,2,1,3,1,9,1,1977,2,539,0,250,3,2006,235000
295,20,80,9600,6,5,1953,1953,238,1416,1644,1,0,3,1,7,2,1953,2,418,110,0,10,2009,167000
296,80,37,7937,6,6,1984,1984,0,1003,1003,1,0,3,1,6,0,1984,2,588,120,0,3,2006,142500
297,50,75,13710,5,5,1950,1950,0,910,1558,1,1,4,1,6,0,1950,1,282,289,0,6,2007,152000
298,60,66,7399,7,5,1997,1998,1600,975,1950,2,1,3,1,7,1,1997,2,576,0,10,6,2007,239000
299,60,90,11700,6,6,1968,1968,365,702,1743,1,2,3,1,7,1,1968,2,539,224,0,6,2007,175000
300,20,80,14000,6,8,1950,2004,0,1092,1152,1,0,3,1,6,1,1950,1,300,0,36,8,2009,158500
301,190,90,15750,5,5,1953,1953,56,1165,1336,1,0,2,1,5,2,1953,1,375,0,0,6,2006,157000
302,60,66,16226,8,5,1998,1999,0,1028,2452,2,1,4,1,9,1,1998,2,683,208,50,5,2007,267000
303,20,118,13704,7,5,2001,2002,150,1541,1541,2,0,3,1,6,1,2001,3,843,468,81,1,2006,205000
304,20,70,9800,5,7,1972,1972,0,894,894,1,0,3,1,5,0,1975,2,552,256,0,7,2006,149900
305,75,87,18386,7,9,1880,2002,0,1470,3493,3,0,3,1,10,1,2003,3,870,302,0,5,2008,295000
306,20,80,10386,8,5,2004,2005,246,2000,2000,2,0,3,1,8,0,2004,3,888,168,0,7,2007,305900
307,60,116,13474,7,5,1990,1991,246,700,2243,2,1,4,1,8,1,1990,3,746,127,44,6,2007,225000
308,50,NA,7920,6,7,1920,1950,0,319,1406,1,0,3,1,6,0,NA,0,0,0,144,3,2008,89500
309,30,NA,12342,4,5,1940,1950,0,861,861,1,0,1,1,4,0,1961,2,539,158,0,3,2009,82500
310,20,90,12378,9,5,2003,2004,0,1896,1944,2,0,3,1,8,3,2003,3,708,208,175,11,2006,360000
311,60,NA,7685,6,5,1993,1994,112,697,1501,2,1,3,1,6,1,1993,2,420,190,63,5,2006,165600
312,20,50,8000,6,6,1948,2002,0,972,972,1,0,2,1,5,1,1948,1,240,0,0,5,2009,132000
313,190,65,7800,5,7,1939,1950,0,793,1118,1,0,3,1,5,1,1939,2,410,0,0,5,2006,119900
314,20,150,215245,7,5,1965,1965,0,2136,2036,2,0,3,1,8,2,1965,2,513,0,0,6,2009,375000
315,70,60,9600,7,7,1925,1990,0,728,1641,1,1,3,1,6,1,1925,2,546,0,0,8,2006,178000
316,60,71,7795,7,5,2004,2005,0,716,1432,2,1,3,1,6,1,2004,2,432,100,51,7,2009,188500
317,60,94,13005,7,7,1980,1980,278,845,2353,2,1,4,1,10,1,1983,2,484,288,195,8,2009,260000
318,60,75,9000,8,5,2006,2006,0,1088,1959,2,1,3,1,8,1,2006,3,1025,208,46,12,2007,270000
319,60,90,9900,7,5,1993,1993,256,1347,2646,2,1,4,1,9,1,1993,3,656,340,60,4,2009,260000
320,80,NA,14115,7,5,1980,1980,225,1372,1472,2,0,3,1,6,2,1980,2,588,233,48,6,2009,187500
321,60,111,16259,9,5,2006,2006,370,1249,2596,3,1,4,1,9,0,2006,3,840,240,154,9,2006,342643
322,60,99,12099,8,5,2004,2004,388,1136,2468,2,1,4,1,10,1,2004,3,872,184,154,6,2007,354000
323,60,86,10380,7,5,1986,1987,172,1502,2730,2,1,4,1,8,1,1987,2,576,201,96,8,2007,301000
324,20,49,5820,3,8,1955,2005,0,1162,1163,1,0,3,1,6,0,1955,1,220,142,98,7,2006,126175
325,80,96,11275,7,7,1967,2007,300,710,2978,2,1,5,1,11,1,1961,2,564,240,0,6,2010,242000
326,45,50,5000,5,6,1941,1950,0,720,803,1,0,2,1,5,0,1941,2,360,0,0,12,2007,87000
327,120,32,10846,8,5,1993,1993,0,1719,1719,1,1,1,1,6,2,1993,2,473,122,30,5,2008,324000
328,20,80,11600,6,5,1960,1960,175,1383,1383,1,1,3,1,7,0,1960,1,292,0,45,4,2006,145250
329,75,NA,11888,6,6,1916,1994,0,844,2134,2,0,5,1,10,0,1930,2,441,0,60,7,2009,214500
330,70,60,6402,5,5,1920,1950,0,596,1192,1,0,3,1,6,0,1920,1,189,0,0,7,2009,78000
331,90,NA,10624,5,4,1964,1964,84,1728,1728,2,0,6,2,10,0,2002,1,352,155,0,11,2007,119000
332,20,70,8176,5,6,1958,1992,0,1056,1056,1,0,3,1,6,0,1958,1,308,0,0,8,2007,139000
333,20,85,10655,8,5,2003,2004,296,3206,1629,2,0,3,1,7,1,2003,3,880,0,0,10,2009,284000
334,120,59,8198,7,5,2004,2004,146,1358,1358,2,0,2,1,6,1,2004,2,484,192,30,7,2008,207000
335,60,59,9042,6,5,1998,1998,0,943,1638,2,1,3,1,7,2,1998,2,472,100,38,7,2008,192000
336,190,NA,164660,5,6,1965,1965,0,1499,1786,2,0,3,1,7,2,1965,2,529,670,0,8,2008,228950
337,20,86,14157,9,5,2005,2006,200,1922,1922,2,0,3,1,8,1,2005,3,676,178,51,7,2007,377426
338,20,70,9135,7,5,2002,2003,113,1536,1536,2,0,3,1,7,0,2002,2,532,192,74,12,2008,214000
339,20,91,14145,7,7,1984,1998,0,1208,1621,2,0,3,1,8,0,1984,2,440,108,45,5,2006,202500
340,20,66,12400,6,7,1958,1998,176,1215,1215,1,0,3,1,6,0,1958,1,297,0,0,6,2009,155000
341,60,85,14191,8,5,2002,2002,0,967,1908,2,1,4,1,9,0,2002,2,431,135,0,4,2010,202900
342,20,60,8400,4,4,1950,1950,0,721,841,1,0,2,1,4,0,1950,1,294,250,0,9,2009,82000
343,90,NA,8544,3,4,1949,1950,340,0,1040,2,0,2,2,6,0,1949,2,400,0,0,5,2006,87500
344,120,63,8849,9,5,2005,2005,616,1684,1684,2,0,2,1,6,1,2005,2,564,495,72,7,2008,266000
345,160,36,2592,5,3,1976,1976,0,536,1112,1,1,3,1,4,0,1976,1,336,182,0,4,2010,85000
346,50,65,6435,6,5,1939,1950,0,972,1577,1,0,3,1,6,1,1939,1,312,0,0,10,2006,140200
347,20,NA,12772,6,8,1960,1998,0,958,958,1,0,2,1,5,0,1960,1,301,0,0,4,2007,151500
348,20,NA,17600,6,5,1960,1960,30,1478,1478,2,0,3,1,6,2,1960,2,498,0,40,12,2009,157500
349,160,36,2448,7,5,2003,2004,106,764,1626,2,1,2,1,6,0,2003,2,474,0,27,10,2008,154000
350,60,56,20431,9,5,2005,2006,870,1848,2728,2,1,4,1,10,2,2006,3,706,0,0,4,2006,437154
351,120,68,7820,9,5,2007,2007,362,1869,1869,2,0,2,1,6,1,2007,2,617,210,54,12,2007,318061
352,120,NA,5271,7,5,1986,1986,0,1453,1453,1,1,2,1,6,1,1986,2,445,0,80,12,2006,190000
353,50,60,9084,5,6,1941,1950,0,616,1111,1,0,3,1,5,0,1941,1,200,48,0,3,2008,95000
354,30,60,8520,6,8,1928,2003,0,624,720,1,0,2,1,5,0,2005,2,484,106,0,5,2010,105900
355,50,60,8400,6,5,1940,2000,0,940,1595,1,0,2,1,6,2,1940,1,240,0,0,6,2006,140000
356,20,105,11249,6,5,1995,1995,0,1200,1200,2,0,3,1,6,0,1995,2,521,0,26,8,2007,177500
357,20,NA,9248,6,6,1992,1992,106,1158,1167,2,0,3,1,6,0,1992,2,400,120,26,7,2009,173000
358,120,44,4224,5,5,1976,1976,0,1142,1142,1,1,3,1,6,1,1976,2,528,536,90,8,2007,134000
359,80,92,6930,5,4,1958,1958,120,1062,1352,1,0,3,1,6,0,1958,1,288,168,0,7,2006,130000
360,60,78,12011,8,5,1998,1998,530,1086,1924,2,1,3,1,7,1,1998,2,592,208,75,6,2006,280000
361,85,NA,7540,6,6,1978,1978,0,888,912,1,0,2,1,5,1,1978,2,470,0,0,6,2007,156000
362,50,NA,9144,5,5,1940,1982,0,883,1505,1,0,3,1,8,0,1940,1,240,0,0,7,2008,145000
363,85,64,7301,7,5,2003,2003,500,0,1922,3,0,4,1,7,1,2003,2,672,0,0,7,2009,198500
364,160,21,1680,6,8,1972,2007,510,483,987,1,1,2,1,5,0,1972,1,264,250,0,5,2009,118000
365,60,NA,18800,6,5,1976,1976,120,796,1574,2,1,3,1,6,1,1976,2,566,306,111,7,2006,190000
366,70,59,10690,5,7,1920,1997,0,672,1344,1,0,3,1,6,0,1964,1,468,0,128,7,2009,147000
367,20,NA,9500,6,5,1963,1963,247,1394,1394,1,1,3,1,6,2,1963,2,514,0,76,7,2009,159000
368,80,101,9150,6,5,1962,1962,305,1099,1431,1,0,3,1,6,1,1962,1,296,64,110,12,2008,165000
369,20,78,7800,5,6,1954,1954,200,1268,1268,1,0,2,1,7,1,1954,1,244,0,98,3,2010,132000
370,20,NA,9830,5,7,1959,2006,0,1063,1287,1,0,3,1,7,1,1997,2,576,364,17,3,2010,162000
371,60,NA,8121,6,5,2000,2000,0,953,1664,2,1,3,1,7,1,2000,2,460,100,40,1,2006,172400
372,50,80,17120,4,4,1959,1959,0,0,1588,2,0,4,1,7,1,1991,2,680,0,59,7,2008,134432
373,120,50,7175,6,5,1984,1984,0,744,752,1,0,2,1,4,0,1984,1,264,353,0,2,2010,125000
374,20,79,10634,5,6,1953,1953,0,608,1319,1,0,3,1,5,0,1953,1,270,66,0,11,2009,123000
375,60,65,8200,7,5,2003,2004,0,847,1928,2,1,4,1,8,1,2003,2,434,100,48,7,2007,219500
376,30,NA,10020,1,1,1922,1950,0,683,904,0,1,1,1,4,0,NA,0,0,0,0,3,2009,61000
377,85,57,8846,5,5,1996,1996,0,870,914,1,0,2,1,5,0,1998,2,576,0,0,7,2006,148000
378,60,102,11143,8,5,2004,2005,0,1580,2466,3,0,4,1,8,1,2004,2,610,159,214,12,2007,340000
379,20,88,11394,9,2,2010,2010,350,1856,1856,1,1,1,1,8,1,2010,3,834,113,0,6,2010,394432
380,60,60,8123,6,5,2000,2000,16,982,1800,2,1,3,1,7,1,2000,2,463,100,63,6,2009,179000
381,50,50,5000,5,6,1924,1950,0,1026,1691,2,0,3,1,6,1,1924,1,308,0,0,5,2010,127000
382,20,60,7200,7,5,2006,2006,0,1293,1301,2,0,2,1,5,1,2006,2,572,216,121,8,2006,187750
383,60,79,9245,7,5,2006,2006,0,939,1797,2,1,3,1,8,0,2006,2,639,144,53,4,2007,213500
384,45,60,9000,6,3,1928,1950,0,784,784,1,0,2,1,5,0,1950,2,360,0,0,10,2009,76000
385,60,NA,53107,6,5,1992,1992,0,1580,1953,2,1,3,1,9,2,1992,2,501,216,231,6,2007,240000
386,120,43,3182,8,5,2004,2005,16,1256,1269,2,0,2,1,6,1,2004,2,430,146,20,4,2010,192000
387,50,58,8410,5,3,1910,1996,0,658,1184,1,0,5,1,8,0,NA,0,0,0,151,5,2006,81000
388,80,72,7200,6,6,1976,1976,255,1041,1125,1,0,3,1,6,1,1977,1,352,296,0,10,2009,125000
389,20,93,9382,7,5,1999,2000,125,1468,1479,2,0,3,1,6,0,1999,2,577,120,25,7,2008,191000
390,60,96,12474,10,5,2007,2008,272,1682,2332,2,1,3,1,9,1,2008,3,846,196,134,8,2008,426000
391,50,50,8405,5,8,1900,1950,0,861,1367,1,0,4,1,7,0,1978,1,384,0,130,4,2008,119000
392,60,71,12209,6,5,2001,2002,0,804,1961,2,1,3,1,7,1,2001,2,560,125,192,6,2009,215000
393,20,NA,8339,5,7,1959,1959,0,0,882,1,0,3,1,5,0,1959,1,294,0,0,7,2007,106500
394,30,NA,7446,4,5,1941,1950,0,788,788,1,0,2,1,4,2,NA,0,0,0,0,4,2006,100000
395,50,60,10134,5,6,1940,1950,0,735,1034,1,0,2,1,5,0,1940,1,240,0,39,7,2007,109000
396,20,68,9571,5,6,1956,1956,0,1144,1144,1,0,3,1,6,0,1956,1,596,44,0,6,2010,129000
397,20,60,7200,5,5,1972,1972,0,894,894,1,0,2,1,6,0,1985,2,600,215,0,9,2009,123000
398,60,69,7590,5,5,1962,1962,288,864,1812,2,0,4,1,8,1,1962,1,264,0,168,7,2007,169500
399,30,60,8967,5,2,1920,1950,0,961,1077,1,0,2,1,6,0,1920,1,338,0,0,11,2007,67000
400,60,65,8125,7,5,2006,2007,100,1092,1550,2,0,2,1,7,0,2007,2,438,0,168,10,2009,241000
401,120,38,14963,8,5,1996,1996,0,1260,1288,1,1,1,1,4,2,1996,2,500,120,30,12,2008,245500
402,20,65,8767,7,5,2005,2005,0,1310,1310,2,0,3,1,6,1,2005,2,400,0,0,7,2006,164990
403,30,60,10200,5,8,1940,1997,0,672,672,1,0,2,1,4,0,1940,1,240,168,0,8,2008,108000
404,60,93,12090,8,5,1998,1998,650,1141,2263,2,1,4,1,10,1,1998,2,420,144,123,7,2006,258000
405,60,NA,10364,6,5,1995,1996,0,806,1572,2,1,3,1,7,1,1995,2,373,0,40,5,2007,168000
406,20,NA,9991,4,4,1976,1993,0,1281,1620,2,0,3,1,8,1,1993,2,490,120,78,6,2009,150000
407,50,51,10480,6,5,1936,1950,0,1064,1639,1,0,3,1,6,0,1936,1,240,0,0,3,2008,115000
408,70,63,15576,6,7,1915,1976,0,840,1680,2,0,4,1,8,0,1960,1,308,0,0,3,2008,177000
409,60,109,14154,7,5,2006,2006,350,1063,2172,2,1,3,1,9,1,2006,3,947,192,62,8,2007,280000
410,60,85,10800,8,5,2007,2008,100,1034,2078,2,1,3,1,8,1,2008,3,836,0,102,4,2008,339750
411,20,68,9571,5,3,1958,1958,0,1276,1276,1,0,3,1,5,0,1958,1,350,0,0,6,2009,60000
412,190,100,34650,5,5,1955,1955,0,1056,1056,1,0,3,1,5,0,1955,2,572,264,0,1,2006,145000
413,20,NA,4403,7,5,2009,2009,432,1470,1478,2,1,2,1,7,1,2009,2,484,0,144,6,2010,222000
414,30,56,8960,5,6,1927,1950,0,1008,1028,1,0,2,1,5,1,1927,2,360,0,0,3,2010,115000
415,60,59,11228,7,5,1993,1993,0,1080,2097,2,1,3,1,9,1,1993,3,678,196,187,12,2008,228000
416,20,73,8899,7,5,2007,2007,0,1340,1340,2,0,3,1,6,0,2007,2,396,100,30,8,2007,181134
417,60,74,7844,6,7,1978,1978,203,672,1400,1,1,3,1,6,1,1978,2,440,0,0,3,2006,149500
418,70,86,22420,6,6,1918,1950,0,1370,2624,2,1,4,1,10,1,1918,3,864,0,0,11,2007,239000
419,50,60,8160,5,6,1940,1950,0,756,1134,1,1,3,1,7,0,1940,1,240,0,0,4,2007,126000
420,20,65,8450,5,6,1968,1968,0,1056,1056,1,0,3,1,6,1,1968,1,304,0,85,7,2010,142000
421,90,78,7060,7,5,1997,1998,200,1344,1344,2,0,2,2,8,0,1997,4,784,0,0,11,2008,206300
422,20,NA,16635,6,7,1977,2000,126,1602,1602,2,0,3,1,8,1,1977,2,529,240,0,6,2009,215000
423,20,100,21750,5,5,1954,1954,0,988,988,1,0,2,1,4,0,1954,2,520,0,0,2,2008,113000
424,60,80,9200,8,5,1998,1998,473,1470,2630,2,1,4,1,8,1,1998,3,696,0,66,6,2008,315000
425,20,72,9000,6,5,1956,1956,74,1196,1196,1,0,2,1,6,1,1956,1,297,0,44,5,2008,139000
426,60,60,3378,7,8,1946,1992,0,651,1389,1,1,3,1,6,2,1947,1,240,0,0,9,2009,135000
427,80,NA,12800,7,5,1989,1989,145,1518,1644,2,0,2,1,5,1,1989,2,569,80,0,8,2009,275000
428,20,77,8593,4,6,1957,1957,0,907,907,1,0,3,1,5,0,1964,1,352,0,0,7,2008,109008
429,20,64,6762,7,5,2007,2007,108,1208,1208,2,0,2,1,6,0,2007,2,628,105,54,9,2007,195400
430,20,130,11457,6,5,1988,1988,0,1392,1412,2,0,3,1,6,1,1988,2,576,0,0,3,2009,175000
431,160,21,1680,6,5,1971,1971,232,483,987,1,1,2,1,4,0,1971,1,264,0,0,7,2008,85400
432,50,60,5586,6,7,1920,1998,0,901,1198,1,0,4,1,7,0,NA,0,0,0,98,9,2008,79900
433,160,24,1920,5,5,1971,1971,376,765,1365,1,1,2,1,6,0,1971,2,440,240,36,8,2007,122500
434,60,100,10839,6,5,1997,1998,0,926,1604,2,1,3,1,7,1,1997,2,470,0,36,7,2008,181000
435,180,21,1890,4,7,1972,1972,0,630,630,1,0,1,1,3,0,NA,0,0,88,0,6,2008,81000
436,60,43,10667,7,6,1996,1996,0,799,1661,2,1,3,1,6,1,1996,2,550,158,61,4,2009,212000
437,50,40,4400,6,8,1920,1950,0,648,1118,1,0,2,1,6,0,1990,2,440,0,0,10,2006,116000
438,45,50,6000,6,7,1926,2004,0,884,904,1,0,2,1,4,0,1926,1,180,0,0,1,2009,119000
439,30,40,4280,5,6,1913,2002,0,440,694,1,0,2,1,4,1,1990,1,352,0,0,3,2007,90350
440,50,67,12354,6,8,1920,2000,0,684,1196,1,0,3,1,7,0,2005,2,528,0,46,8,2009,110000
441,20,105,15431,10,5,2008,2008,200,3094,2402,2,0,2,1,10,2,2008,3,672,0,72,4,2009,555000
442,90,92,12108,4,4,1955,1955,270,1440,1440,2,0,4,2,8,0,NA,0,0,0,0,9,2008,118000
443,50,52,6240,5,7,1930,1992,0,1078,1573,2,0,3,1,8,1,1930,2,360,0,0,6,2008,162900
444,120,53,3922,7,5,2006,2007,72,1258,1258,2,0,2,1,6,1,2007,3,648,144,16,6,2007,172500
445,60,70,8750,7,5,1994,1995,0,915,1908,2,1,4,1,8,1,1994,2,493,144,133,7,2008,210000
446,20,73,9855,6,5,1956,1956,0,1436,1689,1,0,3,1,7,1,1956,2,480,0,0,11,2009,127500
447,20,137,16492,6,6,1966,2002,0,1517,1888,2,1,2,1,6,1,1966,2,578,0,0,6,2010,190000
448,60,NA,11214,7,5,1998,1999,0,930,1886,2,1,4,1,10,1,1998,2,431,89,0,7,2006,199900
449,50,50,8600,6,6,1937,1950,0,780,1376,2,0,3,1,7,1,1937,1,198,0,0,6,2006,119500
450,50,50,6000,3,7,1948,2002,0,649,1183,1,1,2,1,6,0,1981,1,308,0,176,6,2007,120000
451,30,70,5684,6,8,1930,2005,0,813,813,1,0,2,1,5,0,1932,1,270,0,113,6,2006,110000
452,20,62,70761,7,5,1975,1975,0,1533,1533,2,0,2,1,5,2,1975,2,576,200,54,12,2006,280000
453,60,NA,9303,6,5,1996,1997,42,872,1756,2,1,3,1,7,0,1996,2,422,144,122,7,2007,204000
454,60,75,9000,8,5,2008,2008,0,768,1590,2,1,3,1,6,0,2008,2,676,0,30,6,2009,210000
455,90,63,9297,5,5,1976,1976,0,1728,1728,2,0,4,2,8,0,1976,2,560,0,0,7,2006,188000
456,20,80,9600,7,6,1973,1973,320,1242,1242,1,1,3,1,6,1,1973,2,528,0,0,9,2007,175500
457,70,34,4571,5,5,1916,1950,0,624,1344,1,0,4,1,7,0,1916,3,513,0,0,5,2008,98000
458,20,NA,53227,4,6,1954,1994,0,1364,1663,1,0,2,1,6,2,1954,2,529,224,137,3,2008,256000
459,70,NA,5100,8,7,1925,1996,0,588,1666,1,0,3,1,7,1,1925,1,228,192,63,6,2008,161000
460,50,NA,7015,5,4,1950,1950,161,709,1203,1,0,3,1,5,1,1950,1,352,0,0,7,2009,110000
461,60,75,8004,8,5,2009,2009,110,832,1935,2,1,3,1,8,0,2009,2,552,0,150,12,2009,263435
462,70,60,7200,7,9,1936,2007,0,560,1135,1,0,3,1,6,0,1971,2,576,256,0,4,2009,155000
463,20,60,8281,5,5,1965,1965,0,864,864,1,0,3,1,5,1,1965,1,360,0,0,12,2009,62383
464,70,74,11988,6,7,1934,1995,0,715,1660,1,1,3,1,6,1,1939,1,240,0,0,8,2008,188700
465,20,60,8430,5,5,1978,1978,136,1040,1040,2,0,3,1,5,0,NA,0,0,0,0,8,2009,124000
466,120,NA,3072,7,5,2004,2004,18,1375,1414,2,0,2,1,6,1,2004,2,398,144,20,5,2006,178740
467,20,85,10628,7,5,1970,1970,0,1277,1277,1,0,2,1,5,1,1970,2,526,0,0,4,2007,167000
468,70,79,9480,5,7,1942,1995,224,728,1644,1,1,3,1,7,2,1942,1,312,168,0,6,2007,146500
469,20,98,11428,8,5,2006,2006,248,1626,1634,2,0,3,1,7,1,2006,3,866,0,44,5,2007,250000
470,60,76,9291,6,5,1993,1993,120,832,1710,2,1,3,1,7,0,1993,2,506,144,70,6,2008,187000
471,120,NA,6820,8,5,1985,1985,0,1488,1502,1,1,1,1,4,0,1985,2,528,0,54,6,2010,212000
472,60,92,11952,7,6,1977,1977,0,808,1969,2,1,3,1,8,1,1977,2,534,0,0,11,2007,190000
473,180,35,3675,6,5,2005,2005,80,547,1072,1,0,2,1,5,0,2005,2,525,0,28,6,2008,148000
474,20,110,14977,8,5,2006,2007,304,1976,1976,2,0,2,1,7,1,2006,3,908,250,63,7,2007,440000
475,120,41,5330,8,5,2000,2000,0,1494,1652,2,0,2,1,6,0,2000,2,499,96,48,8,2007,251000
476,20,80,8480,5,6,1963,1963,0,970,970,1,0,2,1,5,0,1996,2,624,0,24,7,2007,132500
477,20,75,13125,6,5,1997,1998,215,1478,1493,2,0,3,1,7,1,1997,2,508,140,39,4,2008,208900
478,60,105,13693,9,5,2006,2006,772,2153,2643,2,1,3,1,9,1,2006,3,694,414,84,3,2007,380000
479,20,79,10637,8,5,2007,2008,336,1705,1718,2,0,3,1,7,1,2007,3,826,208,44,9,2009,297000
480,30,50,5925,4,7,1937,2000,435,907,1131,1,0,2,1,7,0,1995,2,672,0,72,3,2007,89471
481,20,98,16033,9,5,2004,2005,378,1833,1850,2,0,3,1,8,1,2004,3,772,519,112,3,2006,326000
482,20,72,11846,9,5,2003,2004,562,1792,1792,2,0,2,1,6,1,2003,3,874,206,49,8,2006,374000
483,70,50,2500,7,8,1915,2005,0,910,1826,1,1,4,1,7,1,1915,1,164,0,0,6,2009,155000
484,120,32,4500,6,5,1998,1998,116,1216,1216,2,0,2,1,5,0,1998,2,402,0,125,5,2006,164000
485,20,NA,7758,5,7,1962,2001,0,999,999,1,0,3,1,6,0,1963,1,264,0,132,3,2007,132500
486,20,80,9600,5,7,1950,2007,0,1113,1113,1,0,3,1,5,1,1950,1,264,0,80,7,2009,147000
487,20,79,10289,5,7,1965,1965,168,1073,1073,1,1,3,1,6,0,1965,2,515,0,0,6,2007,156000
488,20,70,12243,5,6,1971,1971,0,1484,1484,2,0,3,1,7,1,1971,2,487,224,0,2,2007,175000
489,190,60,10800,5,4,1900,1970,0,954,2414,2,0,3,2,10,1,1970,2,520,142,0,5,2006,160000
490,180,21,1526,4,8,1970,2002,0,630,630,1,0,1,1,3,0,1970,1,286,0,0,5,2009,86000
491,160,NA,2665,5,6,1976,1976,0,264,1304,1,1,3,1,4,1,1976,1,336,141,24,6,2008,115000
492,50,79,9490,6,7,1941,1950,0,806,1578,1,0,3,1,5,2,1941,1,240,0,0,8,2006,133000
493,60,105,15578,6,5,2006,2006,0,728,1456,2,1,3,1,8,0,2006,2,429,0,0,5,2006,172785
494,20,70,7931,5,6,1960,1960,0,1269,1269,1,1,3,1,6,1,1964,1,308,0,0,6,2008,155000
495,30,50,5784,5,8,1938,1996,0,190,886,1,0,2,1,4,0,1938,1,273,144,20,12,2009,91300
496,30,60,7879,4,5,1920,1950,0,720,720,1,0,2,1,4,0,NA,0,0,0,523,11,2009,34900
497,20,NA,12692,8,5,1992,1993,0,3200,3228,3,0,4,1,10,1,1992,2,546,264,75,5,2007,430000
498,50,60,9120,7,6,1925,1950,0,1026,1820,2,0,4,1,8,0,1925,1,240,0,100,6,2008,184000
499,20,65,7800,5,7,1967,2004,89,864,899,1,0,3,1,5,0,1967,1,288,64,0,6,2009,130000
500,20,70,7535,5,7,1958,1985,0,912,912,1,0,2,1,5,0,1958,1,297,12,285,6,2007,120000
501,160,21,1890,6,5,1973,1973,285,672,1218,1,1,3,1,7,0,1973,1,264,144,28,5,2007,113000
502,60,75,9803,7,5,2005,2005,0,866,1768,2,1,3,1,7,0,2005,2,603,0,108,2,2008,226700
503,20,70,9170,5,7,1965,1965,0,1214,1214,1,0,2,1,6,0,1965,2,461,0,0,4,2007,140000
504,20,100,15602,7,8,1959,1997,0,1501,1801,2,0,1,1,6,2,1959,2,484,0,54,3,2010,289000
505,160,24,2308,6,5,1974,1974,0,855,1322,2,1,3,1,6,1,1974,2,440,260,0,6,2009,147000
506,90,60,7596,5,5,1952,1952,360,960,1960,2,0,4,2,10,0,1952,2,400,0,0,7,2009,124500
507,60,80,9554,8,5,1993,1994,125,777,1911,2,1,3,1,8,1,1993,2,471,182,81,9,2006,215000
508,20,75,7862,6,5,2009,2009,0,1218,1218,2,0,2,1,4,0,2009,2,676,0,102,9,2009,208300
509,70,60,9600,7,9,1928,2005,0,689,1378,2,0,3,1,7,1,1928,2,360,0,0,10,2008,161000
510,20,80,9600,5,6,1959,1959,132,1041,1041,1,0,3,1,6,0,1959,1,270,224,88,7,2009,124500
511,20,75,14559,5,7,1951,2000,70,1008,1363,1,0,2,1,6,2,1951,1,288,324,42,6,2009,164900
512,120,40,6792,7,5,2005,2006,94,1368,1368,2,0,2,1,6,1,2005,2,474,132,35,3,2006,202665
513,20,70,9100,5,5,1958,1958,0,864,864,1,0,3,1,5,0,1964,2,624,0,0,7,2006,129900
514,20,71,9187,6,5,1983,1983,0,1084,1080,1,1,3,1,5,0,1983,2,484,120,0,6,2007,134000
515,45,55,10594,5,5,1926,1950,0,768,789,1,0,2,1,5,0,1926,1,200,0,0,6,2007,96500
516,20,94,12220,10,5,2009,2009,305,2006,2020,2,1,3,1,9,1,2009,3,900,156,54,9,2009,402861
517,80,NA,10448,6,6,1972,1972,333,689,2119,2,1,3,1,7,1,1972,2,583,0,104,8,2009,158000
518,60,79,10208,7,5,1996,1997,921,1264,2344,2,1,3,1,7,1,1996,3,889,220,0,7,2009,265000
519,60,NA,9531,6,5,1998,1998,0,794,1796,2,1,3,1,7,0,1998,2,546,0,36,5,2007,211000
520,70,53,10918,7,9,1926,2004,0,1276,2080,1,1,3,1,9,2,1926,1,282,0,0,6,2009,234000
521,190,60,10800,4,7,1900,2000,0,0,1294,2,0,3,2,7,0,NA,0,0,220,114,8,2008,106250
522,20,90,11988,6,6,1957,1957,0,1244,1244,1,1,3,1,6,2,1957,1,336,0,40,5,2007,150000
523,50,50,5000,6,7,1947,1950,0,1004,1664,2,0,3,1,7,2,1950,2,420,0,24,10,2006,159000
524,60,130,40094,10,5,2007,2008,762,3138,4676,3,1,3,1,11,1,2007,3,884,208,406,10,2007,184750
525,60,95,11787,7,5,1996,1997,594,1379,2398,2,1,3,1,8,1,1996,3,834,239,60,8,2007,315750
526,20,62,7500,7,5,2005,2005,0,1257,1266,2,0,3,1,6,1,2005,2,453,38,144,4,2006,176000
527,20,70,13300,5,7,1956,2000,0,928,928,1,0,2,1,4,0,1956,1,252,261,0,6,2007,132000
528,60,67,14948,9,5,2008,2008,268,1452,2713,2,1,3,1,11,1,2008,3,858,126,66,11,2008,446261
529,30,58,9098,4,7,1920,2002,0,528,605,1,0,2,1,5,0,NA,0,0,0,0,7,2007,86000
530,20,NA,32668,6,3,1957,1975,NA,2035,2515,3,0,4,2,9,2,1975,2,484,0,0,3,2007,200624
531,80,85,10200,6,5,1988,1989,219,1461,1509,2,0,3,1,5,1,1988,2,600,224,0,8,2008,175000
532,70,60,6155,6,8,1920,1999,0,611,1362,2,0,3,1,6,0,1920,2,502,0,0,6,2008,128000
533,20,60,7200,5,7,1955,2007,0,0,827,1,0,2,1,5,1,1967,1,392,0,0,4,2010,107500
534,20,50,5000,1,3,1946,1950,0,0,334,1,0,1,1,2,0,NA,0,0,0,0,1,2007,39300
535,60,74,9056,8,5,2004,2004,0,707,1414,2,1,3,1,6,1,2004,2,403,100,35,10,2006,178000
536,190,70,7000,5,7,1910,1991,0,1117,1347,1,0,3,1,5,0,NA,0,0,85,0,1,2008,107500
537,60,57,8924,7,5,1998,1999,0,880,1724,2,1,3,1,8,0,1998,2,527,120,155,7,2008,188000
538,20,NA,12735,4,5,1972,1972,0,864,864,1,0,3,1,5,0,1980,2,576,216,0,4,2008,111250
539,20,NA,11553,5,5,1968,1968,188,1051,1159,1,1,3,1,7,1,1968,1,336,466,0,7,2006,158000
540,20,NA,11423,8,5,2001,2002,479,1581,1601,2,0,3,1,6,1,2001,2,670,180,0,5,2010,272000
541,20,85,14601,9,5,2006,2006,584,1838,1838,2,0,2,1,8,1,2006,3,765,270,68,3,2009,315000
542,60,NA,11000,8,5,2000,2000,72,969,2285,2,1,4,1,8,1,2000,3,648,0,56,6,2007,248000
543,20,78,10140,7,5,1998,1999,0,1650,1680,2,0,3,1,7,1,1998,2,583,78,73,6,2009,213250
544,120,34,4058,7,5,1998,1998,182,723,767,1,0,1,1,4,0,1998,1,367,120,40,6,2007,133000
545,60,58,17104,7,5,2006,2006,0,654,1496,2,1,3,1,7,1,2006,2,426,100,24,9,2006,179665
546,50,NA,13837,7,5,1988,1988,178,1204,2183,2,1,4,1,9,0,1988,3,786,0,0,2,2006,229000
547,50,70,8737,6,7,1923,1950,0,1065,1635,1,1,3,1,6,1,1950,2,440,0,38,5,2007,210000
548,85,54,7244,5,7,1970,1970,0,768,768,1,0,2,1,5,0,1987,2,624,104,0,4,2007,129500
549,20,49,8235,5,7,1955,1995,0,825,825,1,0,2,1,4,0,1963,2,720,140,50,6,2008,125000
550,60,75,9375,7,5,2003,2004,0,912,2094,2,1,4,1,8,1,2003,2,615,182,182,11,2009,263000
551,120,53,4043,6,6,1977,1977,0,1069,1069,2,0,2,1,4,0,1977,2,440,0,55,10,2008,140000
552,20,50,6000,5,6,1957,1957,0,928,928,1,0,3,1,5,0,1957,1,288,0,0,6,2008,112500
553,20,87,11146,8,5,2006,2006,250,1709,1717,2,0,3,1,7,1,2006,3,908,169,39,7,2009,255500
554,20,67,8777,4,5,1949,2003,0,0,1126,2,0,2,1,5,0,2002,2,520,0,96,5,2009,108000
555,60,85,10625,7,5,2003,2004,292,998,2046,2,1,3,1,8,1,2003,3,871,320,62,8,2008,284000
556,45,58,6380,5,6,1922,1950,0,993,1048,1,0,2,1,5,1,1922,1,280,0,0,8,2006,113000
557,20,69,14850,5,5,1957,1957,0,1092,1092,1,0,2,1,6,1,1957,1,299,268,0,5,2006,141000
558,50,60,11040,4,6,1920,1950,0,637,1336,1,1,3,1,7,0,1994,1,570,0,47,9,2006,108000
559,60,57,21872,7,5,1996,1997,0,729,1446,2,1,3,1,6,1,1996,2,406,264,22,8,2008,175000
560,120,NA,3196,7,5,2003,2004,18,1374,1557,2,0,2,1,7,1,2003,2,420,143,20,10,2006,234000
561,20,NA,11341,5,6,1957,1996,180,1392,1392,1,1,3,1,5,1,1957,2,528,0,0,5,2010,121500
562,20,77,10010,5,5,1974,1975,0,1389,1389,1,0,2,1,6,1,1975,2,418,240,38,4,2006,170000
563,30,63,13907,5,6,1940,1969,0,996,996,1,0,3,1,6,1,NA,0,0,144,0,7,2008,108000
564,50,66,21780,6,7,1918,1950,0,1163,1674,2,0,4,1,8,1,1955,2,396,72,36,7,2008,185000
565,60,NA,13346,7,5,1992,2000,0,1095,2295,2,1,4,1,9,1,1992,2,590,0,40,7,2006,268000
566,70,66,6858,6,4,1915,1950,0,806,1647,1,1,4,1,6,0,1920,1,216,0,66,5,2010,128000
567,60,77,11198,9,5,2005,2007,245,1122,2504,2,1,4,1,11,1,2005,3,656,144,39,6,2008,325000
568,20,70,10171,7,5,2004,2004,168,1517,1535,2,0,3,1,7,0,2004,2,532,0,0,3,2010,214000
569,50,79,12327,8,8,1983,2009,0,1496,2132,1,1,1,1,5,1,1983,2,612,349,40,9,2009,316600
570,90,NA,7032,5,5,1979,1979,0,943,943,1,0,2,1,4,2,1979,2,600,42,0,12,2006,135960
571,90,74,13101,5,5,1965,1965,108,1728,1728,2,0,6,2,10,0,1987,2,576,0,0,11,2008,142600
572,20,60,7332,6,6,1959,1959,207,864,864,1,0,2,1,4,0,1959,1,288,168,0,10,2006,120000
573,60,83,13159,7,5,2009,2009,0,846,1692,2,1,3,1,6,0,2009,2,650,208,114,7,2009,224500
574,80,76,9967,7,5,2000,2000,0,384,1430,2,1,3,1,8,1,2000,2,400,100,0,12,2007,170000
575,80,70,10500,5,7,1971,2005,82,372,1109,1,0,3,1,5,0,1971,1,288,35,0,12,2007,139000
576,50,80,8480,5,5,1947,1950,0,832,1216,1,0,2,1,6,0,1947,1,336,158,0,10,2008,118500
577,50,52,6292,7,7,1928,1950,0,861,1477,2,0,3,1,6,1,1928,1,216,0,50,8,2009,145000
578,80,96,11777,5,6,1966,1966,97,1164,1320,1,0,3,1,6,2,1966,2,564,160,68,5,2006,164500
579,160,34,3604,7,5,2007,2007,0,689,1392,2,0,2,1,5,0,2007,2,540,0,102,2,2008,146000
580,50,81,12150,5,5,1954,1954,335,1050,1795,2,0,4,1,7,0,1954,1,352,0,0,11,2008,131500
581,20,NA,14585,6,6,1960,1987,85,1144,1429,1,0,3,1,7,2,1960,2,572,216,110,6,2007,181900
582,20,98,12704,8,5,2008,2009,306,2042,2042,2,1,3,1,8,1,2009,3,1390,0,90,8,2009,253293
583,90,81,11841,6,5,1990,1990,104,816,816,1,0,3,1,5,0,NA,0,0,0,32,5,2007,118500
584,75,75,13500,10,9,1893,2000,0,1237,2775,3,1,3,1,9,1,1988,2,880,105,502,7,2008,325000
585,50,51,6120,4,7,1935,1995,0,884,1573,1,0,3,1,6,0,1935,1,240,0,0,7,2009,133000
586,20,88,11443,8,5,2005,2006,208,1868,2028,2,0,2,1,7,2,2005,3,880,326,66,3,2006,369900
587,30,55,10267,6,7,1918,2000,0,816,838,1,0,2,1,5,0,1961,1,275,0,0,5,2008,130000
588,85,74,8740,5,6,1982,1982,0,840,860,1,0,2,1,4,0,1996,2,528,0,0,7,2009,137000
589,20,65,25095,5,8,1968,2003,0,1437,1473,1,0,1,1,5,2,1968,1,452,0,48,6,2009,143000
590,40,50,9100,5,6,1930,1960,0,742,935,1,0,2,1,4,0,1988,1,308,0,0,8,2008,79500
591,60,64,8320,7,5,2004,2004,0,770,1582,2,1,3,1,6,0,2004,2,520,0,45,9,2008,185900
592,60,97,13478,10,5,2008,2008,420,1722,2296,2,1,3,1,10,1,2008,3,842,382,274,6,2009,451950
593,20,60,6600,5,8,1982,2003,0,816,816,1,0,2,1,4,0,1985,2,816,0,0,6,2008,138000
594,120,NA,4435,6,5,2003,2003,170,848,848,1,0,1,1,4,0,2003,2,420,140,0,5,2009,140000
595,20,88,7990,5,6,1975,1975,0,924,924,1,0,3,1,5,0,1981,1,280,0,0,4,2008,110000
596,20,69,11302,8,5,2005,2006,238,1814,1826,2,0,3,1,7,1,2005,3,758,180,75,8,2006,319000
597,70,60,3600,6,7,1910,1993,0,684,1368,1,0,3,1,7,0,1930,1,216,0,158,10,2006,114504
598,120,53,3922,7,5,2006,2007,72,1258,1402,0,2,2,1,7,1,2006,3,648,120,16,2,2007,194201
599,20,80,12984,5,6,1977,1977,459,1430,1647,2,0,3,1,7,1,1977,2,621,0,0,3,2006,217500
600,160,24,1950,6,6,1980,1980,0,716,1556,2,1,3,1,6,1,1980,2,452,161,0,7,2008,151000
601,60,74,10927,8,5,2005,2005,280,1058,1904,2,1,3,1,8,1,2003,2,736,179,60,6,2006,275000
602,50,50,9000,6,6,1937,1950,0,780,1375,1,1,3,1,6,1,1979,1,544,0,162,12,2007,141000
603,60,80,10041,8,5,1992,1992,0,908,1915,2,1,3,1,8,1,1992,2,506,120,150,2,2006,220000
604,160,30,3182,7,5,2004,2005,0,600,1200,2,1,2,1,4,0,2004,2,480,0,172,6,2010,151000
605,20,88,12803,7,5,2002,2002,99,1494,1494,2,0,3,1,6,1,2002,2,530,192,36,9,2008,221000
606,60,85,13600,7,6,1965,1990,176,768,1986,2,1,3,1,7,3,1965,2,486,0,42,10,2009,205000
607,20,82,12464,5,5,1996,1996,0,1040,1040,1,0,3,1,6,0,2000,2,576,168,0,11,2009,152000
608,20,78,7800,5,8,1948,2002,0,896,2008,3,0,3,1,8,0,1948,1,230,103,0,8,2006,225000
609,70,78,12168,8,6,1934,1998,0,965,3194,2,1,4,1,10,2,1934,2,380,0,0,9,2007,359100
610,20,61,7943,4,5,1961,1961,192,1029,1029,1,0,3,1,5,0,1961,1,261,64,0,4,2007,118500
611,60,NA,11050,9,5,2000,2000,204,1440,2153,2,1,3,1,8,2,2000,3,736,253,142,5,2009,313000
612,80,NA,10395,6,6,1978,1978,233,1032,1032,2,0,3,1,6,1,1978,2,564,0,0,7,2007,148000
613,60,NA,11885,8,5,2001,2001,108,1299,1872,2,1,3,1,7,1,2001,2,531,160,122,11,2009,261500
614,20,70,8402,5,5,2007,2007,0,1120,1120,1,0,3,1,6,0,NA,0,0,0,30,12,2007,147000
615,180,21,1491,4,6,1972,1972,0,630,630,1,0,1,1,3,0,NA,0,0,96,24,5,2010,75500
616,85,80,8800,6,7,1963,1963,156,936,1054,1,0,3,1,6,0,1963,2,480,120,0,5,2010,137500
617,60,NA,7861,6,5,2002,2003,0,783,1509,2,1,3,1,7,1,2002,2,393,100,75,6,2006,183200
618,45,59,7227,6,6,1954,1954,0,832,832,1,0,2,1,4,0,1962,2,528,0,0,6,2008,105500
619,20,90,11694,9,5,2007,2007,452,1822,1828,2,0,3,1,9,1,2007,3,774,0,108,7,2007,314813
620,60,85,12244,8,5,2003,2003,226,1482,2262,2,1,4,1,10,2,2003,3,749,168,0,8,2008,305000
621,30,45,8248,3,3,1914,1950,0,864,864,1,0,2,1,5,0,NA,0,0,0,0,9,2008,67000
622,60,90,10800,6,7,1974,1997,0,1522,2614,2,1,4,1,9,1,1974,2,624,38,243,6,2008,240000
623,20,71,7064,5,6,1977,1977,153,980,980,1,0,3,1,6,0,1986,2,484,192,0,7,2009,135000
624,160,NA,2117,6,5,2000,2000,513,756,1512,2,1,2,1,4,1,2000,2,440,0,32,6,2007,168500
625,60,80,10400,6,5,1972,1972,288,732,1790,1,2,4,1,8,1,1972,2,484,148,0,11,2006,165150
626,20,87,10000,6,6,1962,1962,261,1116,1116,1,1,3,1,5,0,1962,2,440,0,0,2,2010,160000
627,20,NA,12342,5,5,1960,1978,0,978,1422,1,0,3,1,6,1,1960,1,286,0,0,8,2007,139900
628,80,80,9600,6,6,1955,1972,164,1156,1520,1,0,3,1,7,2,1955,1,364,0,0,3,2010,153000
629,60,70,11606,5,5,1969,1969,192,1040,2080,1,2,5,1,9,2,1969,2,504,335,0,9,2007,135000
630,80,82,9020,6,5,1964,1964,259,1248,1350,1,1,3,1,6,0,1964,2,520,176,0,6,2008,168500
631,70,50,9000,5,6,1880,1991,0,636,1750,1,0,3,1,8,0,1937,1,240,0,0,6,2006,124000
632,120,34,4590,8,5,2006,2006,108,1554,1554,2,0,2,1,6,1,2006,2,627,156,73,8,2007,209500
633,20,85,11900,7,5,1977,1977,209,1386,1411,2,0,3,1,6,1,1977,2,544,192,0,4,2009,82500
634,20,80,9250,5,7,1954,2005,0,1056,1056,1,0,3,1,6,0,1954,1,260,390,0,7,2007,139400
635,90,64,6979,6,5,1980,1980,0,1056,1056,0,0,0,2,4,0,1980,2,576,264,56,6,2010,144000
636,190,60,10896,6,7,1914,1995,0,1440,3395,2,0,8,2,14,0,NA,0,0,0,110,3,2007,200000
637,30,51,6120,2,3,1936,1950,0,264,800,1,0,1,1,4,1,NA,0,0,0,0,1,2009,60000
638,190,50,6000,5,4,1954,1954,0,811,1387,2,0,3,2,7,0,1954,1,256,0,0,11,2009,93000
639,30,67,8777,5,7,1910,1950,0,796,796,1,0,2,1,4,0,NA,0,0,328,0,5,2008,85000
640,120,53,3982,8,5,2006,2006,0,1520,1567,2,0,1,1,7,1,2006,3,648,312,0,10,2006,264561
641,120,62,12677,8,5,2003,2004,472,1518,1518,1,1,1,1,6,1,2003,2,588,185,140,4,2008,274000
642,60,NA,7050,7,5,2001,2001,0,1057,1929,2,1,3,1,7,1,2001,2,650,0,235,5,2007,226000
643,80,75,13860,8,7,1972,1995,0,1952,2704,2,1,4,1,9,3,1972,2,538,269,111,7,2009,345000
644,60,80,10793,5,5,1969,1969,263,780,1620,2,1,4,1,7,0,1969,2,462,208,0,4,2007,152000
645,20,85,9187,9,5,2009,2009,162,1766,1766,2,1,2,1,7,1,2009,3,478,195,130,10,2009,370878
646,20,NA,10530,6,5,1971,1971,0,981,981,1,1,3,1,5,0,1979,2,576,0,312,3,2007,143250
647,20,60,7200,5,5,1950,1950,0,0,1048,1,0,3,1,7,0,1950,2,420,0,27,7,2008,98300
648,20,85,10452,6,5,1953,1953,216,1094,1094,1,0,3,1,5,2,1953,2,495,0,0,6,2008,155000
649,60,70,7700,6,5,1966,1966,351,756,1839,1,1,4,1,7,1,1966,2,442,0,124,6,2010,155000
650,180,21,1936,4,6,1970,1970,0,630,630,1,0,1,1,3,0,NA,0,0,0,0,12,2007,84500
651,60,65,8125,7,6,2007,2007,NA,813,1665,2,1,3,1,7,0,2007,2,562,0,0,5,2008,205950
652,70,60,9084,4,5,1940,1950,0,755,1510,1,0,4,1,7,1,1940,1,296,120,0,10,2009,108000
653,60,70,8750,7,5,1996,1996,0,880,1716,2,1,2,1,7,1,1996,2,512,0,120,7,2009,191000
654,50,60,10320,6,7,1906,1995,0,756,1469,1,0,3,1,7,0,1906,1,216,57,0,6,2008,135000
655,20,91,10437,8,6,1995,1995,660,2109,2113,2,1,2,1,7,1,1995,3,839,236,46,8,2008,350000
656,160,21,1680,6,5,1971,1971,381,525,1092,1,1,3,1,6,0,1971,1,264,0,0,3,2010,88000
657,20,72,10007,5,7,1959,2006,54,1053,1053,1,1,3,1,5,0,1959,1,312,0,0,8,2008,145500
658,70,60,7200,7,6,1931,2000,0,776,1502,1,1,3,1,6,1,1931,1,270,0,0,2,2008,149000
659,50,78,17503,6,5,1948,1950,0,912,1458,1,0,3,1,6,1,1948,1,330,192,0,1,2010,97500
660,20,75,9937,5,7,1964,1999,0,1486,1486,1,0,3,1,7,0,1968,2,480,0,0,3,2009,167000
661,60,NA,12384,7,7,1976,1976,233,793,1935,2,1,3,1,7,1,1976,2,550,0,113,11,2007,197900
662,60,52,46589,8,7,1994,2005,528,1629,2448,2,1,4,1,8,1,1994,3,711,517,76,7,2009,402000
663,20,120,13560,6,3,1968,1968,216,1392,1392,1,0,2,1,5,2,1968,2,576,0,0,7,2009,110000
664,85,90,10012,4,5,1972,1972,0,1138,1181,2,0,3,1,6,0,1974,2,588,0,0,4,2008,137500
665,20,49,20896,8,5,2005,2006,0,2077,2097,1,1,1,1,8,1,2005,3,1134,192,267,1,2006,423000
666,60,106,11194,8,5,2000,2000,40,1406,1936,2,1,3,1,7,1,2000,2,504,188,124,11,2006,230500
667,60,NA,18450,6,5,1965,1979,113,1021,2380,2,1,3,1,7,1,1965,2,596,0,265,8,2007,129000
668,20,65,8125,6,5,1994,1998,258,1408,1679,2,0,3,1,7,1,1994,2,575,224,42,10,2008,193500
669,20,NA,14175,5,6,1956,1987,0,1188,1437,1,1,3,1,6,1,1999,2,576,304,0,11,2006,168000
670,30,80,11600,4,5,1922,1950,0,700,1180,1,0,2,1,5,1,1922,1,252,0,0,7,2006,137500
671,60,64,8633,6,5,2005,2005,0,738,1476,2,1,3,1,7,0,2005,2,540,100,35,2,2009,173500
672,70,54,6629,6,6,1925,1950,0,672,1369,2,0,3,1,6,0,1930,1,300,147,0,7,2009,103600
673,20,NA,11250,6,6,1977,1977,0,1208,1208,1,1,3,1,6,1,1977,2,546,198,42,6,2006,165000
674,20,110,14442,6,7,1957,2004,106,1477,1839,2,0,3,1,7,2,1957,2,416,0,87,6,2007,257500
675,20,80,9200,6,6,1965,1965,0,1136,1136,1,0,3,1,5,1,1965,1,384,426,0,7,2008,140000
676,160,24,2289,6,6,1978,1978,0,855,1441,2,1,3,1,7,1,1978,2,440,28,0,4,2009,148500
677,70,60,9600,4,2,1900,1950,0,1095,1774,2,0,4,2,8,0,1920,3,779,0,0,5,2006,87000
678,30,52,9022,5,8,1924,2006,0,768,792,1,0,2,1,5,0,1924,1,240,316,0,5,2009,109500
679,20,80,11844,8,5,2008,2008,464,2046,2046,2,1,3,1,7,1,2008,3,834,322,82,7,2009,372500
680,20,NA,9945,5,5,1961,1961,57,988,988,1,0,3,1,5,0,1963,2,572,0,0,10,2007,128500
681,120,50,8012,6,5,1980,1980,0,923,923,2,0,2,1,5,1,1980,1,264,80,0,5,2010,143000
682,50,55,4500,5,5,1932,2000,0,793,1520,1,0,3,1,6,0,1968,1,281,0,0,7,2009,159434
683,120,NA,2887,6,5,1996,1997,0,1291,1291,1,0,2,1,6,1,1996,2,431,307,0,11,2008,173000
684,20,90,11248,9,5,2002,2002,215,1626,1668,2,0,3,1,7,1,2002,3,702,257,45,7,2007,285000
685,60,58,16770,7,5,1998,1998,30,1195,1839,2,1,4,1,7,0,1998,2,486,0,81,6,2010,221000
686,160,NA,5062,7,5,1984,1984,0,1190,2090,2,0,3,1,6,1,1984,2,577,219,0,9,2007,207500
687,60,84,10207,7,6,2007,2007,0,874,1761,3,0,3,1,7,0,2007,2,578,144,105,8,2007,227875
688,160,NA,5105,7,5,2004,2004,0,551,1102,2,1,2,1,4,0,2004,2,480,0,60,3,2007,148800
689,20,60,8089,8,6,2007,2007,0,1419,1419,2,0,2,1,7,1,2007,2,567,140,0,10,2007,392000
690,120,61,7577,6,5,2005,2006,256,1362,1362,2,0,2,1,6,1,2005,2,460,192,28,6,2007,194700
691,120,NA,4426,6,5,2004,2004,147,848,848,1,0,1,1,3,1,2004,2,420,149,0,5,2008,141000
692,60,104,21535,10,6,1994,1995,1170,2444,4316,3,1,4,1,10,2,1994,3,832,382,50,1,2007,755000
693,60,42,26178,7,5,1989,1990,293,1210,2519,2,1,4,1,9,2,1989,2,628,320,27,4,2006,335000
694,30,60,5400,5,6,1921,1968,0,1073,1073,1,0,2,1,4,0,1968,1,326,0,0,12,2006,108480
695,50,51,6120,5,6,1936,1950,0,927,1539,1,1,3,1,5,0,1995,2,576,112,0,4,2009,141500
696,20,54,13811,6,6,1987,1987,72,1112,1137,2,0,2,1,5,1,1987,2,551,125,0,7,2006,176000
697,30,50,6000,5,7,1921,1950,0,616,616,1,0,2,1,4,0,1921,1,205,0,0,6,2006,89000
698,20,57,6420,5,7,1952,1952,0,980,1148,1,0,2,1,6,0,1952,1,308,0,0,9,2006,123500
699,20,65,8450,5,8,1965,2009,0,894,894,1,0,3,1,5,1,1973,1,336,416,144,4,2010,138500
700,120,59,4282,7,5,2004,2004,0,1391,1391,2,0,2,1,5,0,2004,2,530,156,158,7,2008,196000
701,20,85,14331,8,5,2002,2002,630,1800,1800,2,0,3,1,7,1,2002,3,765,270,78,5,2006,312500
702,20,80,9600,7,5,1969,1969,168,1164,1164,1,1,3,1,6,0,1969,2,528,0,0,7,2006,140000
703,60,82,12438,8,5,2006,2006,466,1234,2576,2,1,4,1,10,1,2006,3,666,324,100,7,2006,361919
704,190,76,7630,5,9,1900,1996,0,360,1812,2,0,4,2,8,1,1999,2,672,344,0,5,2010,140000
705,20,70,8400,7,5,2004,2005,109,1473,1484,2,0,3,1,7,0,2004,2,606,0,35,5,2010,213000
706,190,70,5600,4,5,1930,1950,0,0,1092,2,0,3,2,7,0,NA,0,0,0,0,7,2010,55000
707,20,NA,115149,7,5,1971,2002,351,1643,1824,2,0,2,1,5,2,1971,2,739,380,48,6,2007,302000
708,120,48,6240,8,5,2006,2006,176,1324,1324,2,0,2,1,6,1,2006,2,550,192,38,12,2009,254000
709,60,65,9018,7,5,2007,2007,0,728,1456,2,1,3,1,8,1,2007,2,400,100,24,7,2007,179540
710,20,NA,7162,5,7,1966,1966,41,876,904,1,0,3,1,6,0,1966,1,408,0,0,12,2008,109900
711,30,56,4130,3,6,1935,2003,0,270,729,1,0,2,1,5,0,NA,0,0,0,0,7,2008,52000
712,50,66,8712,4,7,1900,1950,0,859,1178,1,0,2,1,7,0,1964,1,384,68,0,1,2010,102776
713,120,40,4671,8,5,1988,1989,0,1228,1228,2,0,2,1,5,1,1988,2,472,168,120,10,2008,189000
714,190,60,9873,4,5,1970,1970,160,960,960,1,0,3,1,6,0,1970,2,576,0,288,5,2006,129000
715,60,NA,13517,6,8,1976,2005,289,725,1479,2,1,3,1,6,0,1976,2,475,0,44,3,2010,130500
716,20,78,10140,6,5,1974,1974,174,1064,1350,2,0,3,1,7,1,1974,2,478,0,0,8,2009,165000
717,70,60,10800,7,8,1890,1998,0,718,2554,1,1,3,1,8,0,1996,2,704,0,48,7,2007,159500
718,20,80,10000,5,6,1973,2000,0,1176,1178,1,1,3,1,5,1,1973,2,439,224,0,11,2008,157000
719,60,96,10542,7,5,1993,1994,651,1311,2418,2,1,3,1,9,1,1993,3,983,250,154,8,2008,341000
720,20,69,9920,5,6,1969,1969,0,971,971,1,1,3,1,5,1,1969,1,300,0,0,5,2006,128500
721,120,NA,6563,8,5,1985,1985,0,1742,1742,2,0,2,1,5,1,1985,2,564,114,28,12,2006,275000
722,120,NA,4426,6,5,2004,2004,169,848,848,1,0,1,1,3,0,2004,2,420,160,0,5,2010,143000
723,20,70,8120,4,7,1970,1970,0,864,864,1,0,3,1,5,0,1994,2,463,0,0,7,2009,124500
724,50,60,8172,4,6,1954,1972,0,941,1470,2,0,4,1,7,0,1958,1,548,0,0,5,2008,135000
725,20,86,13286,9,5,2007,2008,340,1698,1698,2,0,3,1,8,1,2007,3,768,327,64,2,2009,320000
726,20,60,6960,4,6,1970,1970,0,864,864,1,0,3,1,5,0,1989,2,660,96,0,11,2009,120500
727,20,NA,21695,6,9,1988,2007,260,880,1680,2,0,3,1,5,1,1988,2,540,292,44,12,2009,222000
728,20,64,7314,7,5,2007,2007,82,1232,1232,2,0,2,1,6,0,2007,2,632,132,0,2,2009,194500
729,90,85,11475,5,5,1958,1958,95,1584,1776,2,0,4,2,9,0,1968,3,888,0,25,7,2009,110000
730,30,52,6240,4,5,1925,1950,0,780,1208,1,0,2,1,5,0,1962,2,539,0,23,1,2009,103000
731,120,39,5389,8,5,1995,1996,0,1595,1616,2,0,2,1,5,1,1995,2,608,237,152,3,2010,236500
732,80,73,9590,7,5,2003,2003,442,868,1146,2,0,3,1,6,1,2003,2,438,160,22,5,2007,187500
733,60,75,11404,7,5,1998,1999,202,1153,2031,2,1,3,1,8,1,1998,2,541,192,84,7,2008,222500
734,20,80,10000,5,6,1961,1983,0,864,1144,1,0,3,1,6,1,1961,1,264,165,0,3,2009,131400
735,20,NA,8978,5,5,1968,1968,0,948,948,1,0,3,1,6,0,1968,1,300,147,0,5,2007,108000
736,75,60,10800,7,7,1914,1970,0,880,1768,1,1,2,1,6,2,1914,2,320,0,341,10,2006,163000
737,90,60,8544,3,4,1950,1950,0,0,1040,2,0,2,2,6,0,1949,2,400,0,0,7,2006,93500
738,60,72,10463,8,5,2005,2005,0,893,1801,2,1,3,1,8,1,2005,3,800,0,116,6,2006,239900
739,90,60,10800,5,5,1987,1988,0,1200,1200,3,0,3,1,5,0,NA,0,0,120,0,3,2009,179000
740,60,65,9313,7,5,2004,2004,0,864,1728,2,1,3,1,7,0,2004,2,572,187,56,4,2009,190000
741,70,60,9600,5,7,1910,2002,0,264,1432,2,0,2,1,7,0,1910,2,360,270,0,5,2007,132000
742,20,65,6768,6,8,1961,1996,0,912,912,1,0,3,1,5,0,1962,1,288,168,0,5,2008,142000
743,20,65,8450,7,5,2000,2001,108,1349,1349,2,0,3,1,6,0,2000,2,539,120,55,12,2007,179000
744,80,70,12886,5,6,1963,1999,0,520,1464,2,0,3,1,6,1,1997,2,480,302,0,10,2009,175000
745,120,41,5395,8,5,1993,1993,0,1337,1337,2,0,2,1,5,1,1993,2,462,96,0,10,2008,180000
746,60,NA,8963,8,9,1976,1996,289,1142,2715,3,1,4,1,11,2,1994,2,831,0,204,7,2008,299800
747,60,NA,8795,7,5,2000,2000,0,952,2256,2,1,4,1,8,1,2000,2,554,224,54,4,2009,236000
748,70,65,11700,7,7,1880,2003,0,1240,2640,1,1,4,1,8,1,1950,4,864,181,0,5,2009,265979
749,20,59,10593,7,5,1996,1996,338,1720,1720,2,0,3,1,7,1,1996,2,527,240,56,3,2010,260400
750,50,50,8405,4,3,1945,1950,0,0,1529,2,0,4,1,9,0,1945,1,240,92,0,4,2009,98000
751,50,55,8800,4,7,1910,2004,0,576,1140,1,0,3,1,7,0,NA,0,0,0,160,6,2010,96500
752,60,NA,7750,7,5,2003,2003,0,660,1320,2,1,3,1,6,0,2003,2,400,0,48,8,2007,162000
753,20,79,9236,6,5,1997,1997,0,1479,1494,2,0,3,1,6,0,1997,2,576,168,27,7,2006,217000
754,60,80,10240,8,5,2005,2005,178,1030,2098,2,1,3,1,8,1,2005,3,878,192,52,3,2006,275500
755,20,61,7930,6,8,1969,2005,0,1026,1026,1,0,3,1,5,0,1969,2,440,171,48,7,2009,156000
756,160,34,3230,6,5,1999,1999,894,729,1471,2,1,3,1,6,0,1999,2,440,0,24,3,2009,172500
757,60,68,10769,8,5,2007,2007,0,866,1768,2,1,3,1,7,0,2007,2,578,144,105,4,2009,212000
758,60,NA,11616,6,5,1978,1978,328,672,1386,2,1,3,1,6,1,1978,2,440,335,0,4,2010,158900
759,160,24,2280,7,5,1999,1999,360,744,1501,2,1,3,1,6,0,1999,2,440,0,0,8,2008,179400
760,60,65,12257,8,5,1995,1995,513,1318,2531,2,1,4,1,9,1,1995,3,752,222,98,11,2007,290000
761,20,70,9100,6,6,1959,1959,0,864,864,1,0,2,1,5,0,2008,1,300,0,0,10,2009,127500
762,30,60,6911,5,5,1924,1950,0,1145,1301,1,0,2,1,5,0,1965,2,440,0,0,10,2009,100000
763,60,72,8640,7,5,2009,2009,0,756,1547,2,1,3,1,7,0,2009,2,614,169,45,6,2010,215200
764,60,82,9430,8,5,1999,1999,673,1252,2365,2,1,3,1,8,1,1999,3,856,0,128,7,2009,337000
765,120,30,9549,8,5,1995,1996,0,1494,1494,1,1,2,1,6,1,1995,2,481,0,30,4,2006,270000
766,20,75,14587,9,5,2008,2008,284,1498,1506,2,0,2,1,6,1,2008,2,592,0,174,8,2008,264132
767,60,80,10421,7,5,1988,1988,42,980,1714,2,1,3,1,7,1,1988,2,496,228,66,3,2010,196500
768,50,75,12508,6,7,1940,1985,0,983,1750,2,0,4,1,7,0,1989,1,423,245,0,7,2008,160000
769,20,70,9100,7,5,2004,2005,0,1860,1836,2,0,3,1,8,1,2004,2,484,120,33,10,2006,216837
770,60,47,53504,8,5,2003,2003,603,1650,3279,3,1,4,1,12,1,2003,3,841,503,36,6,2010,538000
771,85,NA,7252,5,5,1982,1982,0,858,858,1,0,2,1,5,0,1983,2,576,120,0,4,2009,134900
772,20,67,8877,4,5,1951,1951,0,836,1220,1,0,2,1,6,0,1951,2,396,0,0,4,2006,102000
773,80,94,7819,6,5,1976,1976,0,1029,1117,1,0,3,1,6,1,1976,2,672,144,0,3,2010,107000
774,20,70,10150,5,5,1958,1958,1,912,912,1,0,2,1,5,0,1958,1,275,0,0,7,2007,114500
775,20,110,14226,8,5,2006,2006,375,1935,1973,2,0,3,1,9,1,2006,3,895,315,45,7,2007,395000
776,120,32,4500,6,5,1998,1998,320,1204,1204,2,0,2,1,5,0,1998,2,412,0,247,6,2009,162000
777,20,86,11210,7,5,2005,2006,240,1614,1614,2,0,3,1,7,0,2005,3,865,144,59,7,2006,221500
778,20,100,13350,5,5,1974,1974,0,864,894,1,0,3,1,5,1,1974,2,440,241,0,6,2006,142500
779,90,60,8400,5,5,1977,1977,320,0,2020,2,0,4,2,10,2,1977,2,630,0,0,10,2007,144000
780,90,78,10530,6,5,1977,1977,90,975,1004,1,0,2,1,4,0,1977,2,504,0,0,5,2006,135000
781,20,63,7875,7,5,1995,1996,38,1237,1253,2,0,3,1,6,1,1995,2,402,220,21,6,2007,176000
782,60,65,7153,6,5,1992,1992,0,761,1603,2,1,3,1,7,0,1992,2,484,0,124,7,2006,175900
783,20,67,16285,7,5,2001,2002,0,1413,1430,2,0,3,1,6,0,2001,2,605,0,33,6,2009,187100
784,85,NA,9101,5,6,1978,1978,104,1097,1110,1,0,1,1,4,1,1978,2,602,303,30,7,2009,165500
785,75,35,6300,6,6,1914,2001,0,742,1484,2,0,3,1,9,1,NA,0,0,0,291,6,2008,128000
786,20,NA,9790,6,5,1967,1967,0,1372,1342,2,0,3,1,7,1,1967,2,457,0,0,9,2009,161500
787,50,60,10800,5,6,1915,1950,0,686,1652,2,0,4,1,7,0,1961,1,416,0,0,6,2010,139000
788,60,76,10142,7,5,2004,2004,0,956,2084,2,1,4,1,8,0,2004,2,618,0,45,1,2010,233000
789,20,50,6000,4,7,1954,2000,0,901,901,1,0,2,1,4,0,1954,1,281,0,0,8,2008,107900
790,60,NA,12205,6,8,1966,2007,157,832,2087,2,1,5,1,9,0,1966,2,444,133,168,7,2007,187500
791,120,43,3182,7,5,2005,2006,11,1145,1145,2,0,2,1,5,1,2005,2,397,100,16,9,2009,160200
792,80,NA,11333,6,5,1976,1976,0,1029,1062,1,0,3,1,5,2,1976,2,539,120,0,5,2007,146800
793,60,92,9920,7,5,1996,1997,0,1117,2013,2,1,3,1,8,1,1997,2,455,180,130,6,2007,269790
794,20,76,9158,8,5,2007,2007,140,1496,1496,2,0,3,1,7,0,2007,2,474,168,130,6,2007,225000
795,60,NA,10832,7,5,1994,1996,0,712,1895,2,1,3,1,7,1,1994,2,409,143,46,10,2008,194500
796,60,70,8400,6,6,1980,1981,130,650,1564,2,1,3,1,7,1,1980,2,476,0,50,4,2010,171000
797,20,71,8197,6,5,1977,1977,148,660,1285,1,1,3,1,7,1,1977,2,528,138,0,4,2007,143500
798,20,57,7677,5,5,1953,1953,0,773,773,1,0,2,1,4,0,1953,1,240,0,0,4,2008,110000
799,60,104,13518,9,5,2008,2009,860,1926,3140,3,1,4,1,11,2,2009,3,820,144,78,7,2009,485000
800,50,60,7200,5,7,1937,1950,252,731,1768,1,1,3,1,7,2,1939,1,240,0,0,6,2007,175000
801,60,79,12798,6,5,1997,1997,0,616,1688,2,1,4,1,8,0,1997,2,603,403,114,5,2008,200000
802,30,40,4800,4,7,1916,1990,0,1196,1196,1,0,2,1,5,0,1957,2,440,0,0,7,2007,109900
803,60,63,8199,7,5,2005,2005,0,728,1456,2,1,3,1,7,1,2005,2,410,36,18,10,2008,189000
804,60,107,13891,9,5,2008,2009,424,1734,2822,3,1,4,1,12,1,2009,3,1020,52,170,1,2009,582933
805,20,75,9000,5,5,1954,1954,0,936,1128,1,0,2,1,5,0,1954,1,286,0,0,6,2006,118000
806,20,91,12274,7,5,2008,2008,256,1417,1428,2,0,3,1,6,0,2008,2,554,0,60,7,2008,227680
807,80,75,9750,5,5,1967,1967,0,980,980,2,0,3,1,6,0,1967,1,384,68,0,10,2006,135500
808,70,144,21384,5,6,1923,2004,0,1324,1576,1,1,3,1,6,1,1923,2,528,0,312,5,2009,223500
809,80,85,13400,5,5,1966,1966,1047,1024,1086,1,0,3,1,6,1,1966,2,484,0,0,6,2006,159950
810,75,90,8100,5,5,1898,1965,0,849,2138,2,0,2,3,11,0,1910,2,360,40,156,11,2009,106000
811,20,78,10140,6,6,1974,1999,99,1040,1309,1,1,3,1,5,1,1974,2,484,265,0,1,2006,181000
812,120,NA,4438,6,5,2004,2004,169,848,848,1,0,1,1,4,1,2004,2,420,140,0,6,2008,144500
813,20,66,8712,5,5,1952,1952,0,540,1044,1,0,2,1,4,0,1952,2,504,0,0,6,2010,55993
814,20,75,9750,6,6,1958,1958,243,1442,1442,1,1,4,1,7,0,1958,1,301,0,0,4,2007,157900
815,50,45,8248,5,7,1918,1950,0,686,1250,1,1,3,1,7,0,1955,1,280,207,0,7,2006,116000
816,20,48,12137,7,5,1998,1998,442,1649,1661,2,0,3,1,6,0,1998,2,598,0,34,5,2010,224900
817,20,NA,11425,5,6,1954,1954,0,1008,1008,1,0,2,1,4,1,1954,1,275,0,0,7,2006,137000
818,20,NA,13265,8,5,2002,2002,148,1568,1689,2,0,3,1,7,2,2002,3,857,150,59,7,2008,271000
819,80,80,8816,6,7,1971,1971,80,1010,1052,1,0,3,1,6,0,1971,2,440,0,0,6,2010,155000
820,120,44,6371,7,5,2009,2010,128,1358,1358,2,0,2,1,6,1,2010,2,484,192,35,6,2010,224000
821,60,72,7226,7,5,2003,2003,0,798,1640,2,1,3,1,6,0,2003,2,595,0,45,6,2008,183000
822,20,60,6000,4,4,1953,1953,0,936,936,1,0,2,1,4,0,1974,2,576,0,32,2,2009,93000
823,60,NA,12394,7,5,2003,2003,0,847,1733,2,1,3,1,7,1,2003,2,433,100,48,10,2007,225000
824,50,60,9900,6,7,1940,1950,0,778,1489,2,0,3,1,7,1,1940,1,240,335,0,7,2009,139500
825,20,81,11216,8,5,2006,2006,0,1489,1489,2,0,3,1,7,1,2006,2,776,0,140,6,2006,232600
826,20,114,14803,10,5,2007,2008,816,2078,2084,2,0,2,1,7,1,2007,3,1220,188,45,6,2008,385000
827,45,50,6130,5,6,1924,1950,0,784,784,1,0,2,1,5,0,NA,0,0,0,0,5,2008,109500
828,20,65,8529,7,5,2001,2001,0,1454,1434,2,0,3,1,6,1,2001,2,527,290,39,4,2009,189000
829,60,NA,28698,5,5,1967,1967,0,1013,2126,2,1,3,1,7,0,1967,2,538,486,0,6,2009,185000
830,160,24,2544,7,5,2005,2005,0,600,1223,2,1,2,1,4,0,2005,2,480,0,166,7,2006,147400
831,20,80,11900,6,5,1957,1957,387,1392,1392,1,1,3,1,6,2,1957,2,458,0,0,6,2008,166000
832,160,30,3180,7,5,2005,2005,0,600,1200,2,1,2,1,4,0,2005,2,480,0,166,6,2006,151000
833,60,44,9548,7,6,2003,2003,223,941,1829,2,1,3,1,7,1,2003,2,613,192,39,1,2010,237000
834,20,100,10004,6,6,1964,1964,180,1516,1516,1,1,3,1,6,0,1964,2,472,0,0,2,2009,167000
835,20,75,7875,5,6,1961,1961,136,1144,1144,1,0,3,1,6,0,1961,2,456,0,0,9,2008,139950
836,20,60,9600,4,7,1950,1995,0,1067,1067,2,0,2,1,4,0,1996,2,436,290,0,2,2010,128000
837,30,90,8100,5,6,1948,1973,0,1559,1559,1,0,2,1,5,0,1948,2,812,0,116,6,2007,153500
838,160,21,1680,6,5,1973,1973,158,483,987,1,1,2,1,5,0,1973,1,264,0,0,11,2008,100000
839,20,75,9525,5,6,1995,2006,0,1099,1099,1,1,3,1,6,0,1999,1,352,278,0,6,2008,144000
840,50,70,11767,5,6,1946,1995,0,768,1200,1,0,3,1,6,0,1946,1,240,0,0,5,2008,130500
841,70,NA,12155,6,8,1925,1950,0,672,1482,2,0,4,1,7,0,1934,1,400,0,0,3,2008,140000
842,70,60,10440,5,8,1904,2002,0,650,1539,2,0,3,1,8,1,1983,2,686,70,78,6,2008,157500
843,80,82,9020,6,7,1966,1966,183,1127,1165,1,1,3,1,6,0,1966,2,490,0,129,5,2008,174900
844,90,80,8000,5,4,1961,1961,0,1800,1800,2,0,6,2,10,0,NA,0,0,0,0,7,2007,141000
845,50,100,12665,5,8,1915,1950,0,876,1416,1,1,4,1,7,1,1949,3,720,418,0,6,2008,153900
846,85,NA,16647,5,5,1975,1981,0,1390,1701,2,0,3,1,6,2,1975,2,611,0,0,1,2007,171000
847,60,75,9317,7,5,1993,1993,137,740,1775,2,1,3,1,7,1,1993,2,425,234,72,7,2009,213000
848,20,36,15523,5,6,1972,1972,0,864,864,1,0,3,1,5,1,1972,1,338,0,0,8,2009,133500
849,50,75,45600,6,8,1908,1997,0,907,2358,3,0,5,1,10,1,1908,2,360,486,40,9,2008,240000
850,80,80,9600,6,7,1976,1994,360,528,1855,2,1,3,1,7,1,1976,2,512,113,100,8,2007,187000
851,120,36,4435,6,5,2003,2003,170,848,848,1,0,1,1,3,0,2003,2,420,140,0,11,2007,131500
852,120,NA,3196,8,5,2003,2003,40,1273,1456,2,0,2,1,7,1,2003,2,400,143,20,5,2006,215000
853,75,53,7128,7,5,1941,1950,0,918,1646,2,0,4,1,7,2,1941,1,240,0,0,8,2007,164000
854,80,NA,12095,6,6,1964,1964,115,1127,1445,1,1,3,1,7,1,1964,2,645,180,0,8,2009,158000
855,20,102,17920,5,4,1955,1974,0,1763,1779,1,1,3,1,6,1,1955,2,454,0,418,7,2006,170000
856,20,NA,6897,5,8,1962,2010,0,1040,1040,1,1,3,1,6,0,1962,1,260,0,104,4,2010,127000
857,80,NA,10970,6,6,1978,1978,0,940,1026,1,0,3,1,5,0,1981,2,576,0,0,10,2008,147000
858,60,65,8125,6,5,1994,1995,0,702,1481,2,1,3,1,6,1,1994,2,343,0,36,3,2009,174000
859,20,80,10400,7,5,1976,1976,189,1090,1370,2,0,3,1,6,1,1976,2,479,0,0,6,2009,152000
860,60,NA,11029,6,7,1968,1984,220,1054,2654,2,1,4,1,9,1,1968,2,619,0,65,8,2006,250000
861,50,55,7642,7,8,1918,1998,0,912,1426,1,1,3,1,7,1,1925,1,216,0,240,6,2007,189950
862,190,75,11625,5,4,1965,1965,0,1039,1039,1,1,3,1,6,0,1965,2,504,0,0,4,2010,131500
863,20,81,9672,6,5,1984,1985,0,1040,1097,2,0,3,1,6,0,1986,2,480,0,0,5,2010,152000
864,20,70,7931,5,5,1959,1959,0,1148,1148,1,0,3,1,6,0,1959,1,672,0,0,7,2009,132500
865,20,72,8640,7,5,2007,2008,0,1372,1372,2,0,3,1,6,0,2008,2,529,0,140,5,2008,250580
866,20,NA,8750,5,6,1970,1970,76,1002,1002,1,0,3,1,5,0,1973,2,902,0,0,8,2009,148500
867,20,67,10656,8,5,2006,2007,274,1638,1646,2,0,3,1,6,1,2007,3,870,192,80,11,2007,248900
868,20,85,6970,4,5,1961,1961,0,1040,1120,1,1,3,1,5,0,1961,2,544,168,0,5,2007,129000
869,60,NA,14762,5,6,1948,1950,0,0,2320,2,0,2,1,7,1,1979,2,672,120,144,5,2006,169000
870,60,80,9938,7,5,1993,1994,246,1050,1949,2,1,3,1,8,1,1993,2,574,156,90,6,2010,236000
871,20,60,6600,5,5,1962,1962,0,894,894,1,0,2,1,5,0,1962,1,308,0,0,8,2009,109500
872,60,70,8750,6,5,1998,1998,116,804,1682,2,1,3,1,7,0,1998,2,523,0,77,6,2010,200500
873,20,74,8892,5,7,1953,1996,0,105,910,1,0,3,1,5,0,1953,2,414,196,0,10,2008,116000
874,40,60,12144,5,7,1949,1950,0,832,1268,1,0,3,1,6,1,1949,1,288,0,28,9,2009,133000
875,50,52,5720,5,6,1941,1950,0,676,1131,1,1,3,1,5,0,1941,1,200,26,0,8,2009,66500
876,60,75,9000,8,5,2007,2007,0,1184,2610,2,1,4,1,11,1,2007,2,550,208,364,8,2007,303477
877,20,94,25286,4,5,1963,1963,0,1064,1040,1,0,3,1,5,0,1963,2,648,0,0,1,2007,132250
878,60,74,8834,9,5,2004,2005,216,1462,2224,2,1,4,1,10,1,2004,3,738,184,0,6,2009,350000
879,85,88,11782,5,7,1961,1995,0,1109,1155,1,0,3,1,6,0,1987,2,576,192,0,6,2010,148000
880,20,NA,7000,5,8,1978,2005,90,864,864,1,0,3,1,6,0,1978,1,336,0,0,7,2009,136500
881,20,60,7024,5,5,2005,2006,0,1090,1090,1,1,2,1,5,0,2005,2,450,0,49,6,2007,157000
882,50,44,13758,7,5,1990,1991,117,1156,1717,2,1,3,1,7,1,1990,2,400,168,36,4,2007,187500
883,60,NA,9636,6,5,1992,1993,0,808,1593,2,1,3,1,7,1,1993,2,389,342,40,12,2009,178000
884,75,60,6204,4,5,1912,1950,0,795,2230,1,0,5,1,10,0,1997,1,440,0,188,3,2006,118500
885,20,65,7150,5,5,1967,1967,60,892,892,1,0,3,1,5,0,1967,1,288,0,0,7,2009,100000
886,120,50,5119,9,5,1999,2000,60,1698,1709,2,0,2,1,5,1,1999,2,506,97,65,1,2008,328900
887,90,70,8393,5,5,1959,2005,122,1626,1712,2,0,4,2,8,0,2005,2,588,272,54,6,2006,145000
888,50,59,16466,5,7,1955,1955,0,816,1393,1,1,3,1,8,0,1955,1,300,121,0,4,2008,135500
889,20,95,15865,8,6,1970,1970,0,2217,2217,2,0,4,1,8,1,1970,2,621,81,207,10,2007,268000
890,20,128,12160,6,4,1953,1953,90,1505,1505,1,0,2,1,6,1,1953,2,505,0,0,2,2009,149500
891,50,60,8064,5,7,1949,2006,0,672,924,1,0,3,1,6,1,2003,2,576,0,0,7,2007,122900
892,60,70,11184,6,5,1978,1978,92,918,1683,2,1,3,1,7,1,1978,2,440,243,0,7,2009,172500
893,20,70,8414,6,8,1963,2003,0,1059,1068,1,0,3,1,6,0,1963,1,264,192,0,2,2006,154500
894,20,NA,13284,5,5,1954,1954,0,1383,1383,1,0,3,1,6,1,1954,1,354,511,116,6,2008,165000
895,90,64,7018,5,5,1979,1979,0,0,1535,2,0,4,2,8,0,1979,2,400,0,0,6,2009,118858
896,60,71,7056,6,5,1963,1963,415,780,1796,1,1,4,1,8,1,1963,2,483,0,50,10,2008,140000
897,30,50,8765,4,6,1936,1950,0,951,951,1,0,2,1,6,0,1936,1,327,0,28,4,2006,106500
898,90,64,7018,5,5,1979,1979,0,0,2240,2,0,6,2,12,0,1979,2,528,154,0,6,2009,142953
899,20,100,12919,9,5,2009,2010,760,2330,2364,2,1,2,1,11,2,2009,3,820,0,67,3,2010,611657
900,20,65,6993,5,7,1961,1994,0,912,1236,1,0,3,1,6,1,1961,1,288,0,0,6,2006,135000
901,20,NA,7340,4,6,1971,1971,0,858,858,1,0,2,1,4,0,1979,1,684,0,0,6,2007,110000
902,20,64,8712,5,7,1957,2000,0,992,1306,1,0,2,1,5,0,1968,1,756,0,0,5,2009,153000
903,60,63,7875,7,5,2003,2003,0,783,1509,2,1,3,1,8,1,2003,2,393,0,75,7,2006,180000
904,20,50,14859,7,5,2006,2006,27,1670,1670,2,0,3,1,7,1,2006,3,690,144,60,8,2006,240000
905,20,NA,6173,5,6,1967,1967,75,876,902,1,0,3,1,6,0,1967,1,288,0,0,8,2007,125500
906,20,80,9920,5,5,1954,1954,110,1056,1063,1,0,3,1,6,0,1954,1,280,0,0,2,2010,128000
907,20,116,13501,8,5,2006,2006,208,1623,1636,2,0,3,1,8,1,2006,3,865,0,60,6,2007,255000
908,50,86,11500,7,7,1936,1987,0,1017,2057,1,1,3,1,6,1,1936,1,180,0,0,6,2006,250000
909,20,NA,8885,5,5,1983,1983,0,864,902,1,0,2,1,5,0,1983,2,484,164,0,6,2006,131000
910,60,149,12589,6,5,2005,2005,0,742,1484,2,1,3,1,8,1,2005,2,390,36,24,6,2009,174000
911,90,80,11600,5,5,1960,1960,361,1105,2274,2,0,5,2,12,0,1960,2,480,0,0,1,2010,154300
912,20,NA,9286,5,7,1977,1989,0,1268,1268,1,1,3,1,5,0,1978,1,252,173,0,10,2009,143500
913,30,51,6120,5,7,1925,1950,0,768,1015,1,0,3,1,6,0,1925,1,450,0,0,7,2006,88000
914,90,82,6270,5,6,1949,1950,0,1001,2002,2,0,4,2,8,0,1949,3,871,0,0,8,2007,145000
915,160,30,3000,6,5,2009,2009,76,612,1224,2,1,2,1,4,0,2009,2,528,0,234,6,2009,173733
916,160,21,2001,4,5,1970,1970,80,546,1092,1,1,3,1,6,0,1970,1,286,0,0,1,2007,75000
917,20,50,9000,2,3,1949,1950,0,480,480,0,0,1,1,4,0,1958,1,308,0,0,10,2006,35311
918,20,NA,17140,4,6,1956,1956,0,1134,1229,1,0,3,1,6,0,1956,1,284,0,0,4,2009,135000
919,60,103,13125,7,5,1991,1991,0,1104,2127,2,1,4,1,8,1,1991,3,833,72,192,11,2007,238000
920,20,87,11029,6,8,1958,2002,0,1184,1414,1,0,3,1,6,1,1990,2,601,0,51,5,2008,176500
921,60,70,8462,6,5,1994,1994,105,928,1721,2,1,3,1,7,0,1994,2,471,300,87,7,2007,201000
922,90,67,8777,5,7,1900,2003,0,1272,2200,2,2,4,2,9,0,NA,0,0,0,70,9,2008,145900
923,20,65,10237,6,5,2005,2006,0,1316,1316,2,0,3,1,6,1,2005,2,397,100,0,10,2006,169990
924,120,50,8012,6,5,1993,1994,0,1604,1617,2,0,2,1,5,1,1993,2,533,0,69,7,2008,193000
925,20,79,10240,6,6,1980,1980,157,1686,1686,2,0,3,1,7,1,1980,2,612,384,131,5,2006,207500
926,20,NA,15611,5,6,1977,1977,0,1126,1126,2,0,3,1,6,0,1977,2,540,180,0,3,2008,175000
927,60,93,11999,8,5,2003,2004,340,1181,2374,2,1,4,1,10,1,2003,3,656,104,100,5,2007,285000
928,60,NA,9900,7,5,1968,1968,342,832,1978,2,1,4,1,9,1,1968,2,486,0,43,4,2008,176000
929,20,NA,11838,8,5,2001,2001,0,1753,1788,2,0,3,1,7,1,2001,2,522,202,151,6,2009,236500
930,60,NA,13006,7,5,1997,1997,285,964,2236,2,1,4,1,8,1,1997,2,642,0,0,11,2006,222000
931,20,73,8925,8,5,2007,2007,0,1466,1466,2,0,3,1,7,0,2007,3,610,100,18,7,2009,201000
932,20,70,9100,5,6,1965,1965,0,925,925,1,0,2,1,5,0,1965,1,429,0,0,7,2009,117500
933,20,84,11670,9,5,2006,2006,302,1905,1905,2,0,3,1,8,1,2006,3,788,0,191,3,2007,320000
934,20,63,8487,7,5,2004,2004,210,1500,1500,2,0,3,1,6,0,2004,2,570,192,36,8,2009,190000
935,20,313,27650,7,7,1960,2007,0,585,2069,2,0,4,1,9,1,1960,2,505,0,0,11,2008,242000
936,30,52,5825,4,5,1926,1953,108,600,747,1,0,1,1,5,0,1953,2,528,0,0,6,2006,79900
937,20,67,10083,7,5,2003,2003,NA,1176,1200,2,0,2,1,5,0,2003,2,555,0,41,8,2009,184900
938,60,75,9675,7,5,2005,2005,0,1113,1971,2,1,3,1,8,1,2005,2,689,0,48,2,2009,253000
939,60,73,8760,7,5,2006,2006,0,1391,1962,2,1,3,1,7,0,2006,3,868,0,90,8,2006,239799
940,70,NA,24090,7,7,1940,1950,0,1032,2403,2,0,4,1,10,2,1940,1,349,56,0,6,2010,244400
941,90,55,12640,6,5,1976,1976,0,1728,1728,2,0,4,2,8,0,1976,2,574,40,0,7,2006,150900
942,60,NA,8755,7,5,1999,1999,298,992,2060,2,1,3,1,8,1,1999,2,390,0,0,6,2009,214000
943,90,42,7711,4,3,1977,1977,0,1440,1440,2,0,4,2,8,0,NA,0,0,321,0,8,2007,150000
944,90,100,25000,5,4,1967,1967,0,1632,1632,2,0,4,2,8,0,1967,2,576,0,0,6,2007,143000
945,20,NA,14375,6,6,1958,1958,541,819,1344,1,0,3,1,7,1,1958,2,525,0,118,1,2009,137500
946,50,98,8820,5,6,1890,1996,0,1088,1869,1,0,2,1,7,0,1963,2,456,48,0,9,2009,124900
947,80,70,8163,5,6,1959,1959,128,1144,1144,1,0,3,1,6,1,1959,1,796,86,0,3,2006,143000
948,20,85,14536,8,5,2002,2003,236,1616,1629,2,0,3,1,9,1,2002,3,808,0,252,11,2007,270000
949,60,65,14006,7,5,2002,2002,144,936,1776,2,1,3,1,7,1,2002,2,474,144,96,2,2006,192500
950,20,78,9360,6,7,1972,2006,0,1161,1381,1,1,3,1,5,1,1972,2,676,0,0,3,2010,197500
951,20,60,7200,5,8,1950,2002,0,864,864,1,0,3,1,5,0,1980,2,720,194,0,7,2007,129000
952,20,60,7800,5,5,1965,1965,0,828,965,1,0,3,1,6,0,1979,1,300,421,0,7,2006,119900
953,85,60,7200,5,8,1972,2003,0,768,768,1,0,2,1,5,0,1974,1,396,192,0,4,2009,133900
954,60,NA,11075,5,4,1969,1969,232,784,1968,2,1,4,1,7,1,1969,2,530,305,189,9,2008,172000
955,90,35,9400,6,5,1975,1975,250,945,980,2,0,4,0,4,0,NA,0,0,0,0,10,2006,127500
956,90,82,7136,6,6,1946,1950,423,979,1958,2,0,4,2,8,0,1946,2,492,0,0,8,2007,145000
957,160,24,1300,6,6,1980,1980,0,561,1229,1,1,2,1,5,1,1980,2,462,150,0,5,2009,124000
958,20,70,7420,5,5,1962,1962,0,1057,1057,1,0,3,1,6,0,1977,2,576,0,0,4,2007,132000
959,20,65,8450,7,5,2003,2003,0,1337,1337,2,0,3,1,6,0,2003,2,531,0,39,10,2007,185000
960,160,24,2572,7,5,1999,1999,0,696,1416,2,1,3,1,6,0,1999,2,484,0,44,5,2010,155000
961,20,50,7207,5,7,1958,2008,0,858,858,1,0,2,1,4,0,NA,0,0,117,0,2,2010,116500
962,60,NA,12227,6,7,1977,1995,424,1330,2872,2,1,4,1,11,1,1977,2,619,550,282,7,2008,272000
963,160,24,2308,6,6,1976,1976,0,804,1548,2,1,3,1,7,1,1976,2,440,48,0,7,2007,155000
964,20,122,11923,9,5,2007,2007,0,1800,1800,2,0,2,1,7,0,2007,2,702,288,136,5,2009,239000
965,60,80,11316,7,5,2002,2003,44,817,1894,2,1,4,1,8,1,2002,2,510,0,40,2,2010,214900
966,60,65,10237,6,5,2005,2007,0,783,1484,2,1,3,1,8,1,2005,2,393,0,72,7,2007,178900
967,50,130,9600,5,7,1940,1950,0,728,1308,1,1,2,1,7,2,1940,1,256,0,70,6,2009,160000
968,20,NA,7390,5,7,1955,1955,151,1098,1098,1,0,3,1,6,0,1955,1,260,0,0,7,2008,135000
969,50,50,5925,3,6,1910,1950,0,600,968,1,0,2,1,6,0,NA,0,0,0,0,5,2009,37900
970,190,75,10382,6,5,1958,1958,105,588,1095,1,0,2,1,6,0,1958,1,264,0,0,3,2006,140000
971,50,60,10800,4,4,1949,1950,0,720,1192,1,1,4,1,6,0,NA,0,0,0,0,12,2006,135000
972,160,36,2268,7,5,2003,2004,106,764,1626,2,0,2,1,6,0,2003,2,474,0,27,7,2009,173000
973,120,55,7892,6,5,1979,1979,0,918,918,2,0,2,1,5,1,1979,1,264,28,0,4,2010,99500
974,20,95,11639,7,5,2007,2008,NA,1428,1428,2,0,3,1,6,0,2007,2,480,0,120,12,2008,182000
975,70,60,11414,7,8,1910,1993,0,728,2019,1,0,3,1,8,0,1997,2,532,509,135,10,2009,167500
976,160,NA,2651,7,5,2000,2000,0,673,1382,2,1,3,1,6,0,2000,2,490,153,50,4,2006,165000
977,30,51,5900,4,7,1923,1958,0,440,869,1,0,2,1,4,0,NA,0,0,0,0,8,2006,85500
978,120,35,4274,7,5,2006,2007,NA,1241,1241,1,1,1,1,4,0,2007,2,569,0,116,11,2007,199900
979,20,68,9450,4,5,1954,1954,0,894,894,1,0,3,1,5,0,1999,2,400,0,0,5,2007,110000
980,20,80,8816,5,6,1963,1963,0,1121,1121,1,0,3,1,5,0,1963,2,480,0,80,6,2009,139000
981,85,NA,12122,7,9,1961,2007,210,944,999,1,0,3,1,6,0,1961,2,588,144,76,7,2008,178400
982,60,98,12203,8,5,1998,1999,975,1225,2612,2,1,4,1,8,1,1998,3,676,250,0,7,2009,336000
983,20,43,3182,7,5,2007,2007,16,1266,1266,2,0,2,1,6,1,2007,2,388,100,16,3,2008,159895
984,60,NA,11250,8,5,2002,2002,0,1128,2290,2,1,4,1,9,1,2002,2,779,0,0,5,2008,255900
985,90,75,10125,5,5,1977,1977,0,0,1734,2,0,4,2,8,0,1977,2,539,0,0,8,2009,126000
986,190,68,10880,5,5,1950,1950,0,1164,1164,1,0,3,1,5,0,1950,1,240,0,48,8,2008,125000
987,50,59,5310,6,8,1910,2003,0,485,1635,1,0,2,1,5,0,1950,1,255,394,0,6,2006,117000
988,20,83,10159,9,5,2009,2010,450,1930,1940,2,1,3,1,8,1,2010,3,606,168,95,4,2010,395192
989,60,NA,12046,6,6,1976,1976,298,848,2030,2,1,4,1,8,1,1976,2,551,0,224,6,2007,195000
990,60,65,8125,7,5,2006,2006,0,770,1576,2,1,3,1,6,0,2006,2,614,0,50,8,2006,197000
991,60,82,9452,8,5,1997,1998,423,1396,2392,2,1,3,1,7,1,1997,3,870,0,70,6,2006,348000
992,70,121,17671,8,9,1882,1986,0,916,1742,1,1,4,1,8,1,1925,2,424,0,169,11,2009,168000
993,60,80,9760,6,8,1964,1993,340,822,1851,2,1,3,1,7,1,1964,2,440,239,42,7,2007,187000
994,60,68,8846,6,5,2005,2006,0,750,1500,2,1,3,1,6,0,2005,2,564,0,35,8,2006,173900
995,20,96,12456,10,5,2006,2007,230,1700,1718,2,0,3,1,7,1,2008,3,786,216,48,7,2009,337500
996,50,51,4712,4,7,1946,1950,0,747,1230,1,1,3,1,5,0,1946,1,305,0,57,8,2006,121600
997,20,NA,10659,5,6,1961,1961,0,1050,1050,1,0,3,1,6,0,1961,1,368,0,319,1,2006,136500
998,20,NA,11717,6,6,1970,1970,571,1442,1442,2,0,2,1,6,1,1970,2,615,371,0,2,2009,185000
999,30,60,9786,3,4,1922,1950,0,1007,1077,1,0,3,1,6,1,1922,1,210,0,100,5,2006,91000
1000,20,64,6762,7,5,2006,2006,24,1187,1208,2,0,2,1,6,0,2006,2,632,105,61,2,2010,206000